cost_id,company_id,construction_costs,construction_costs_currency,aisc_last_quarter,aisc_last_quarter_currency,aisc_last_year,aisc_last_year_currency,aisc_future,aisc_future_currency,aic_last_quarter,aic_last_quarter_currency,aic_last_year,aic_last_year_currency,tco_current,tco_current_currency,tco_future,tco_future_currency,last_updated
1,132,340500000.0,USD,,,,,752.0,USD,,,,,,,600.0,USD,2025-03-23 12:42:00+0000
2,4,300000000.0,USD,,,,,818.0,USD,,,,,,,742.0,USD,2024-07-27 20:23:00+0000
3,3,1800000000.0,USD,,,,,1191.0,USD,,,,,,,964.0,USD,2024-07-27 20:22:00+0000
4,2,,,,,,,,,,,,,,,,,2024-07-27 20:21:00+0000
5,1,,,,,,,,,,,,,,,,,2024-07-27 20:20:00+0000
8,7,,,1350.0,USD,1300.0,USD,1275.0,USD,,,,,1100.0,USD,1050.0,USD,2024-07-27 20:25:00+0000
9,501,,,,,,,,,,,,,,,,,2025-03-25 03:20:00+0000
10,8,,,,,,,,,,,,,,,,,2024-07-27 20:26:00+0000
11,9,,,,,,,,,,,,,,,,,2025-03-20 00:00:00+0000
12,10,,,1179.0,USD,1179.0,USD,1225.0,USD,,,,,865.0,USD,900.0,USD,2025-03-20 00:00:00+0000
13,11,,,,,,,,,,,,,,,,,2025-03-20 00:00:00+0000
14,12,,,,,,,,,,,,,,,,,2025-03-20 00:00:00+0000
15,13,,,,,,,,,,,,,,,,,2025-03-20 00:00:00+0000
16,14,,,,,,,,,,,,,,,,,2025-03-20 00:00:00+0000
17,15,,,20.02,USD,21.73,USD,19.5,USD,,,,,13.49,USD,12.8,USD,2025-03-20 00:00:00+0000
18,16,,,,,1700.0,USD,1650.0,USD,,,,,1400.0,USD,1350.0,USD,2025-03-20 00:00:00+0000
19,17,,,,,,,,,,,,,,,,,2025-03-20 00:00:00+0000
20,18,,,26.2,USD,26.2,USD,,,,,,,21.5,USD,,,2025-03-20 00:00:00+0000
21,19,,,,,,,,,,,,,,,,,2025-03-20 00:00:00+0000
22,20,,,,,,,,,,,,,,,,,2025-03-20 00:00:00+0000
23,21,,,,,,,,,,,,,,,,,2025-03-21 00:00:00+0000
24,22,,,,,,,,,,,,,,,,,2025-03-21 00:00:00+0000
25,23,,,,,,,,,,,,,,,,,2025-03-21 00:00:00+0000
26,24,,,,,,,,,,,,,,,,,2025-03-21 00:00:00+0000
27,25,,,,,,,,,,,,,,,,,2025-03-21 00:00:00+0000
28,26,,,,,,,,,,,,,,,,,2025-03-21 00:00:00+0000
29,27,75000000.0,USD,,,,,950.0,USD,,,,,,,850.0,USD,2025-03-21 00:00:00+0000
30,28,,,,,,,850.0,USD,,,,,,,750.0,USD,2025-03-21 00:00:00+0000
31,29,,,,,,,,,,,,,,,,,2025-03-21 00:00:00+0000
32,30,,,2139.0,USD,2015.0,USD,1900.0,USD,2300.0,USD,2200.0,USD,1800.0,USD,1750.0,USD,2025-03-21 00:00:00+0000
33,31,,,,,,,,,,,,,,,,,2025-03-21 00:00:00+0000
34,32,,,1434.0,USD,1434.0,USD,1275.0,USD,,,,,1200.0,USD,,,2025-03-21 00:00:00+0000
35,33,,,,,,,,,,,,,,,,,2025-03-21 00:00:00+0000
36,34,730000000.0,CAD,,,,,561.0,USD,,,,,,,500.0,USD,2025-03-21 00:00:00+0000
37,35,,,,,,,,,,,,,,,,,2025-03-21 00:00:00+0000
38,36,,,2811.0,USD,2811.0,USD,1450.0,USD,,,,,2200.0,USD,,,2025-03-21 00:00:00+0000
39,37,,,,,,,,,,,,,,,,,2025-03-21 00:00:00+0000
40,38,,,,,,,,,,,,,,,,,2025-03-21 00:00:00+0000
41,39,,,1175.0,USD,1175.0,USD,1150.0,USD,,,,,900.0,USD,875.0,USD,2025-03-21 00:00:00+0000
42,40,,,,,,,,,,,,,,,,,2025-03-21 00:00:00+0000
43,41,,,,,,,1200.0,USD,,,,,,,900.0,USD,2025-03-21 00:00:00+0000
44,42,,,,,,,,,,,,,,,,,2025-03-21 00:00:00+0000
45,43,,,,,,,,,,,,,,,,,2025-03-21 00:00:00+0000
46,44,,,,,,,,,,,,,,,,,2025-03-21 00:00:00+0000
48,46,,,,,,,,,,,,,,,,,2025-03-21 00:00:00+0000
49,47,,,,,,,,,,,,,,,,,2025-03-21 00:00:00+0000
50,48,,,,,16.0,USD,14.0,USD,,,,,13.0,USD,,,2025-03-21 00:00:00+0000
51,49,,,18.62,USD,18.62,USD,,,,,,,15.0,USD,,,2025-03-21 00:00:00+0000
52,50,,,,,,,,,,,,,,,,,2025-03-21 00:00:00+0000
53,51,,,,,,,,,,,,,,,,,2025-03-21 00:00:00+0000
54,52,,,,,,,,,,,,,,,,,2025-03-21 00:00:00+0000
55,53,,,,,,,,,,,,,,,,,2025-03-21 21:00:00+0000
56,54,,,,,,,,,,,,,,,,,2025-03-21 21:00:00+0000
57,55,,,1697.0,USD,1769.0,USD,1750.0,USD,,,,,1285.0,USD,,,2025-03-21 21:00:00+0000
58,56,,,,,,,,,,,,,,,,,2025-03-21 21:06:00+0000
59,57,,,,,,,,,,,,,,,,,2025-03-21 21:18:00+0000
60,58,,,,,,,,,,,,,,,,,2025-03-21 21:00:00+0000
61,59,,,,,,,,,,,,,,,,,2025-03-21 00:00:00+0000
62,60,,,,,,,,,,,,,,,,,2025-03-21 21:17:00+0000
63,61,,,,,,,,,,,,,,,,,2025-03-21 00:00:00+0000
64,62,,,,,,,,,,,,,,,,,2025-03-22 00:00:00+0000
65,63,,,,,1500.0,USD,1400.0,USD,,,,,1200.0,USD,1100.0,USD,2025-03-22 00:00:00+0000
66,64,,,,,,,,,,,,,,,,,2025-03-21 00:00:00+0000
67,65,,,,,,,,,,,,,,,,,2025-03-20 00:00:00+0000
68,66,,,,,,,,,,,,,,,,,2025-03-22 00:00:00+0000
69,67,300000000.0,USD,,,,,850.0,USD,,,,,,,700.0,USD,2025-03-22 00:00:00+0000
70,68,,,1345.0,USD,1300.0,USD,1390.0,USD,,,,,1150.0,USD,1100.0,USD,2025-03-22 00:00:00+0000
71,69,,,,,,,,,,,,,,,,,2025-03-22 00:00:00+0000
72,70,,,,,,,1400.0,USD,,,,,,,900.0,USD,2025-03-22 00:00:00+0000
73,71,,,,,,,,,,,,,,,,,2025-03-22 00:00:00+0000
74,72,,,,,,,,,,,,,2.5,USD,3.0,USD,2025-03-22 00:00:00+0000
75,73,,,,,,,1200.0,USD,,,,,,,,,2025-03-22 00:00:00+0000
76,74,,,,,,,,,,,,,,,,,2025-03-22 00:00:00+0000
77,75,,,,,,,,,,,,,,,,,2025-03-21 00:00:00+0000
78,76,,,,,,,,,,,,,2.0,USD,3.0,USD,2025-03-22 00:00:00+0000
79,77,,,,,,,,,,,,,3.0,USD,4.0,USD,2025-03-22 00:00:00+0000
80,78,,,,,,,1200.0,USD,,,,,2.0,USD,3.0,USD,2025-03-22 00:00:00+0000
81,79,,,,,,,,,,,,,,,,,2025-03-22 00:00:00+0000
82,80,,,,,,,1500.0,USD,,,,,1.8,USD,2.5,USD,2025-03-22 00:00:00+0000
83,81,,,1296.0,USD,1148.0,USD,1125.0,USD,1400.0,USD,1300.0,USD,50.0,USD,45.0,USD,2025-03-22 00:00:00+0000
84,82,,,,,,,1200.0,USD,,,,,0.3,USD,0.5,USD,2025-03-22 00:00:00+0000
85,83,,,1220.0,USD,1200.0,USD,1250.0,USD,1320.0,USD,1300.0,USD,1200.0,USD,1200.0,USD,2025-03-22 00:00:00+0000
86,84,,,,,,,,,,,,,,,,,2025-03-22 00:00:00+0000
87,85,,,,,,,,,,,,,,,,,2025-03-22 00:00:00+0000
88,86,,,,,,,,,,,,,,,,,2025-03-22 00:00:00+0000
89,87,,,,,,,,,,,,,,,,,2025-03-22 00:00:00+0000
90,88,,,,,,,,,,,,,,,,,2025-03-22 00:00:00+0000
91,89,,,,,,,,,,,,,,,,,2025-03-22 00:00:00+0000
92,90,,,,,,,,,,,,,,,,,2025-03-22 00:00:00+0000
93,91,,,,,,,,,,,,,,,,,2025-03-22 00:00:00+0000
94,92,,,,,,,,,,,,,,,,,2025-03-20 00:00:00+0000
95,93,,,,,,,,,,,,,,,,,2025-03-22 00:00:00+0000
96,94,,,,,,,,,,,,,,,,,2025-03-22 00:00:00+0000
97,95,,,,,,,,,,,,,2.5,USD,3.5,USD,2025-03-22 00:00:00+0000
98,96,,,,,,,,,,,,,,,,,2025-03-22 00:00:00+0000
99,97,,,,,1300.0,USD,1300.0,USD,,,,,,,,,2025-03-22 00:00:00+0000
100,98,,,,,,,,,,,,,,,,,2025-03-23 00:33:00+0000
101,99,,,,,,,1200.0,USD,,,,,,,,,2025-03-22 15:48:00+0000
102,100,,,1423.0,USD,1583.0,USD,1550.0,USD,,,,,1336.0,USD,1350.0,USD,2025-03-22 16:00:00+0000
103,101,,,,,,,,,,,,,,,,,2025-03-22 23:10:00+0000
104,102,,,,,,,,,,,,,,,,,2025-03-22 00:00:00+0000
105,103,,,,,,,,,,,,,,,,,2025-03-23 00:40:00+0000
106,104,,,,,,,,,,,,,,,,,2025-03-22 00:00:00+0000
107,105,,,,,,,,,,,,,,,,,2025-03-23 00:36:00+0000
108,106,,,,,,,,,,,,,,,,,2025-03-22 00:00:00+0000
109,107,,,,,872.0,USD,840.0,USD,,,,,,,,,2025-03-22 00:00:00+0000
110,108,,,,,,,,,,,,,,,,,2025-03-22 00:00:00+0000
111,109,,,,,,,,,,,,,,,,,2025-03-22 00:00:00+0000
112,110,,,,,,,,,,,,,,,,,2025-03-22 00:00:00+0000
113,111,,,,,,,,,,,,,,,,,2025-03-22 00:00:00+0000
114,112,,,,,,,,,,,,,,,,,2025-03-22 00:00:00+0000
115,113,,,,,,,12.5,USD,,,,,,,,,2025-03-22 00:00:00+0000
116,114,,,,,,,,,,,,,,,,,2025-03-22 00:00:00+0000
117,115,,,,,,,,,,,,,,,,,2025-03-23 00:00:00+0000
118,116,,,27.33,USD,26.0,USD,25.5,USD,32.8,USD,31.2,USD,13.68,USD,16.5,USD,2025-03-22 00:00:00+0000
119,117,,,2437.0,USD,2301.0,USD,,,,,,,1598.0,USD,,,2025-03-23 00:00:00+0000
120,118,,,,,,,,,,,,,,,,,2025-03-23 00:00:00+0000
121,119,,,,,,,,,,,,,,,,,2025-03-23 00:00:00+0000
122,120,,,,,,,,,,,,,,,,,2025-03-23 00:00:00+0000
123,121,,,,,,,,,,,,,,,,,2025-03-23 04:42:00+0000
124,122,,,,,,,,,,,,,,,,,2025-03-23 04:55:00+0000
125,123,,,,,,,,,,,,,,,,,2025-03-23 12:02:00+0000
126,124,,,,,,,1200.0,USD,,,,,,,,,2025-03-23 12:09:00+0000
127,125,,,1652.0,USD,1870.0,USD,1500.0,USD,,,,,1300.0,USD,1200.0,USD,2025-03-23 12:09:00+0000
128,126,,,,,,,1100.0,USD,,,,,,,900.0,USD,2025-03-23 12:09:00+0000
129,127,,,,,,,869.0,USD,,,,,,,700.0,USD,2025-03-23 12:09:00+0000
130,128,,,,,,,1200.0,USD,,,,,,,1500.0,USD,2025-03-23 12:34:00+0000
131,129,,,1287.0,USD,1275.0,USD,1225.0,USD,1480.0,USD,1466.0,USD,935.0,USD,875.0,USD,2025-03-22 00:00:00+0000
132,130,,,,,,,,,,,,,,,,,2025-03-23 05:44:00+0000
133,131,,,,,,,,,,,,,,,,,2025-03-23 05:50:00+0000
135,133,,,,,,,,,,,,,,,,,2025-03-23 06:11:00+0000
136,134,,,,,,,,,,,,,,,,,2025-03-23 04:51:00+0000
137,135,,,,,,,,,,,,,,,,,2025-03-23 00:00:00+0000
138,136,,,,,,,,,,,,,,,,,2025-03-23 06:00:00+0000
139,137,,,,,,,,,,,,,,,,,2025-03-24 05:29:00+0000
140,138,,,,,,,,,,,,,,,,,2025-03-24 06:27:00+0000
141,139,,,,,,,960.0,USD,,,,,,,812.0,USD,2025-03-24 07:26:00+0000
142,140,,,,,,,,,,,,,,,,,2025-03-22 00:00:00+0000
143,141,,,,,,,,,,,,,,,,,2025-03-24 01:27:00+0000
144,142,,,,,,,,,,,,,,,,,2025-03-24 04:05:00+0000
145,143,,,,,,,,,,,,,,,,,2025-03-24 08:17:00+0000
146,144,,,,,,,,,,,,,200.0,USD,200.0,USD,2025-03-24 11:18:00+0000
147,145,,,,,,,,,,,,,,,,,2025-03-24 11:27:00+0000
148,146,,,,,,,,,,,,,,,,,2025-03-24 05:10:00+0000
149,147,,,,,,,,,,,,,,,,,2025-03-24 08:24:00+0000
150,148,,,,,,,,,,,,,,,,,2025-03-24 11:38:00+0000
151,149,,,,,,,,,,,,,,,,,2025-03-24 11:46:00+0000
152,150,,,1772.0,USD,1726.0,USD,,,,,,,1327.0,USD,,,2025-03-24 11:46:00+0000
153,151,,,,,,,,,,,,,,,,,2025-03-24 05:00:00+0000
154,152,,,1800.0,USD,1750.0,USD,1600.0,USD,,,,,1400.0,USD,1300.0,USD,2025-03-24 12:16:00+0000
155,153,,,,,,,,,,,,,,,,,2025-03-24 11:36:00+0000
156,154,,,,,,,1200.0,USD,,,,,724.0,USD,724.0,USD,2025-03-24 05:26:00+0000
157,155,,,,,,,,,,,,,,,,,2025-03-24 12:08:00+0000
158,156,,,,,,,,,,,,,,,,,2025-03-24 11:29:00+0000
159,157,,,,,,,1346.0,USD,,,,,,,942.0,USD,
160,158,,,,,,,1300.0,USD,,,,,,,910.0,USD,2025-03-24 06:19:00+0000
161,159,,,,,,,1400.0,USD,,,,,,,980.0,USD,2025-03-24 06:22:00+0000
162,160,,,2638.0,USD,2063.0,USD,1250.0,USD,2902.0,USD,2269.0,USD,1444.0,USD,875.0,USD,2025-03-24 05:22:00+0000
163,161,,,,,,,1400.0,USD,,,,,,,980.0,USD,2025-03-24 05:31:00+0000
164,162,,,1600.0,USD,1655.0,USD,1550.0,USD,1700.0,USD,1750.0,USD,1300.0,USD,1250.0,USD,2025-03-24 06:43:00+0000
165,163,,,1350.0,USD,1400.0,USD,1300.0,USD,1450.0,USD,1500.0,USD,1100.0,USD,1050.0,USD,2025-03-24 06:34:00+0000
166,164,,,,,,,1450.0,USD,,,,,,,1200.0,USD,2025-03-24 06:54:00+0000
167,165,,,,,,,987.0,USD,,,,,,,814.0,USD,2025-03-24 07:00:00+0000
168,166,,,,,,,,,,,,,,,,,2025-03-24 14:03:00+0000
169,167,,,,,,,,,,,,,,,,,2025-03-24 06:50:00+0000
170,168,,,1450.0,USD,1500.0,USD,1550.0,USD,1550.0,USD,1600.0,USD,1200.0,USD,1250.0,USD,2025-03-24 06:38:00+0000
171,169,,,,,,,856.0,USD,,,,,,,600.0,USD,2025-03-24 05:36:00+0000
172,170,,,,,,,1350.0,USD,,,,,,,1100.0,USD,2025-03-24 14:35:00+0000
173,171,,,,,,,1300.0,USD,,,,,,,1100.0,USD,2025-03-24 14:18:00+0000
174,172,,,1197.0,USD,1250.0,USD,800.0,USD,1400.0,USD,1400.0,USD,1197.0,USD,700.0,USD,2025-03-24 14:26:00+0000
175,173,,,,,,,,,,,,,,,800.0,USD,2025-03-24 14:14:00+0000
176,174,,,,,,,1500.0,USD,,,,,,,1200.0,USD,2025-03-24 18:12:00+0000
177,175,,,,,,,1400.0,USD,,,,,,,1100.0,USD,2025-03-24 18:15:00+0000
178,176,,,,,,,1600.0,USD,,,,,,,1300.0,USD,2025-03-24 18:16:00+0000
179,177,,,,,,,1500.0,USD,,,,,,,1200.0,USD,2025-03-24 18:20:00+0000
180,178,,,,,,,1500.0,USD,,,,,,,1200.0,USD,2025-03-24 18:22:00+0000
181,179,,,,,,,1300.0,USD,,,,,,,1000.0,USD,2025-03-24 22:44:00+0000
182,180,,,,,,,1500.0,USD,,,,,,,1200.0,USD,2025-03-24 18:07:00+0000
183,181,,,,,,,1200.0,USD,,,,,,,,,2025-03-25 01:39:00+0000
184,182,,,,,,,1350.0,USD,,,,,,,,,2025-03-25 01:47:00+0000
185,183,,,,,,,1250.0,USD,,,,,,,,,2025-03-25 01:49:00+0000
186,184,,,,,,,1300.0,USD,,,,,,,,,2025-03-25 01:47:00+0000
187,185,,,,,,,820.0,USD,,,,,,,700.0,USD,2025-03-24 22:41:00+0000
188,186,,,,,,,,,,,,,,,,,2025-03-24 18:54:00+0000
189,187,,,,,,,,,,,,,,,,,2025-03-25 01:29:00+0000
190,188,,,,,,,,,,,,,,,,,2025-03-24 19:00:00+0000
191,189,,,,,,,,,,,,,,,,,2025-03-24 18:53:00+0000
192,190,,,,,,,,,,,,,,,,,2025-03-24 19:10:00+0000
193,191,,,,,,,,,,,,,,,,,2025-03-24 18:59:00+0000
194,192,,,,,,,1200.0,USD,,,,,,,,,2025-03-25 01:32:00+0000
195,193,,,,,,,,,,,,,,,,,2025-03-24 19:05:00+0000
196,194,,,,,,,,,,,,,,,,,2025-03-25 02:24:00+0000
197,195,,,1800.0,USD,,,1850.0,USD,,,,,,,,,2025-03-25 02:30:00+0000
198,196,,,,,,,,,,,,,,,,,2025-03-25 02:35:00+0000
199,197,,,,,,,,,,,,,,,,,2025-03-25 02:40:00+0000
200,198,,,1350.0,USD,1300.0,USD,1250.0,USD,1500.0,USD,1450.0,USD,1100.0,USD,1050.0,USD,2025-03-24 19:44:00+0000
201,199,,,,,,,,,,,,,,,,,2025-03-24 19:49:00+0000
202,200,,,,,,,,,,,,,,,,,2025-03-25 02:20:00+0000
203,201,,,,,,,,,,,,,,,,,2025-03-24 19:15:00+0000
204,202,,,,,,,,,,,,,,,,,2025-03-24 20:00:00+0000
205,203,,,1350.0,USD,1375.0,USD,1400.0,USD,1450.0,USD,1475.0,USD,950.0,USD,975.0,USD,2025-03-24 20:00:00+0000
206,204,,,1762.5,USD,1762.5,USD,1712.5,USD,1850.0,USD,1850.0,USD,1275.0,USD,1275.0,USD,2025-03-24 19:52:00+0000
207,205,,,,,,,,,,,,,,,,,2025-03-24 20:00:00+0000
208,206,,,,,,,,,,,,,,,1200.0,CAD,2025-03-24 00:00:00+0000
209,207,,,,,,,,,,,,,,,,,2025-03-24 20:00:00+0000
210,208,,,1275.0,USD,1255.0,USD,1300.0,USD,1395.0,USD,1375.0,USD,845.0,USD,850.0,USD,2025-03-24 00:00:00+0000
211,209,,,,,,,,,,,,,,,1200.0,CAD,2025-03-24 00:00:00+0000
212,210,,,,,,,,,,,,,,,1200.0,USD,2025-03-24 00:00:00+0000
213,211,,,,,,,1400.0,USD,,,,,,,1100.0,USD,2025-03-24 00:00:00+0000
214,212,,,,,,,,,,,,,,,,,2025-03-24 00:00:00+0000
215,213,,,,,,,,,,,,,,,,,2025-03-25 02:18:00+0000
216,214,,,,,,,,,,,,,,,,,2025-03-24 00:00:00+0000
217,215,,,,,,,,,,,,,,,,,2025-03-24 00:00:00+0000
218,216,,,20.5,USD,19.8,USD,21.0,USD,,,,,18.0,USD,18.5,USD,2025-03-24 20:00:00+0000
219,217,,,941.0,USD,,,920.0,USD,,,,,584.0,USD,,,2025-03-24 00:00:00+0000
220,218,,,,,,,,,,,,,,,,,2025-03-25 04:00:00+0000
221,219,,,,,,,,,,,,,,,,,2025-03-25 04:03:00+0000
222,220,,,,,,,,,,,,,,,,,2025-03-24 00:00:00+0000
223,221,,,,,,,,,,,,,,,,,2025-03-24 00:00:00+0000
224,222,,,,,,,,,,,,,,,,,2025-03-25 04:14:00+0000
225,223,,,,,,,,,,,,,,,1200.0,CAD,2025-03-24 00:00:00+0000
226,224,,,15.0,USD,14.0,USD,16.0,USD,,,,,,,,,2025-03-25 04:19:00+0000
227,225,,,,,,,,,,,,,,,,,2025-03-25 04:13:00+0000
228,226,,,,,,,,,,,,,,,,,2025-03-24 00:00:00+0000
229,227,,,,,,,,,,,,,,,,,2025-03-25 04:17:00+0000
230,228,,,,,,,1200.0,USD,,,,,,,,,2025-03-24 00:00:00+0000
231,229,,,,,,,1200.0,USD,,,,,,,,,2025-03-24 00:00:00+0000
232,230,,,,,,,,,,,,,,,,,2025-03-24 21:35:00+0000
233,231,,,,,,,,,,,,,,,,,2025-03-25 04:10:00+0000
234,232,,,1250.0,USD,1200.0,USD,1100.0,USD,,,,,,,,,2025-03-24 21:45:00+0000
235,233,,,,,,,,,,,,,,,,,2025-03-24 00:00:00+0000
236,234,,,,,,,1200.0,USD,,,,,,,,,2025-03-24 21:45:00+0000
237,235,,,,,,,,,,,,,,,,,2025-03-25 05:07:00+0000
238,236,,,,,,,,,,,,,,,,,2025-03-25 04:24:00+0000
239,237,,,,,,,1200.0,USD,,,,,,,,,2025-03-24 21:44:00+0000
240,238,,,,,,,1200.0,USD,,,,,,,,,2025-03-24 00:00:00+0000
241,239,,,,,,,1162.0,USD,,,,,,,,,2025-03-25 05:07:00+0000
242,240,,,,,,,,,,,,,,,,,2025-03-25 05:07:00+0000
243,241,,,,,,,,,,,,,,,,,2025-03-25 05:07:00+0000
244,242,,,,,,,844.0,USD,,,,,,,,,2025-03-25 05:07:00+0000
245,243,,,,,,,,,,,,,,,,,2025-03-25 05:41:00+0000
246,244,,,,,,,844.0,USD,,,,,,,,,2025-03-25 05:07:00+0000
247,245,,,,,875.0,USD,965.0,USD,,,,,750.0,USD,750.0,USD,2025-03-25 05:07:00+0000
248,246,,,,,,,,,,,,,,,,,2025-03-25 05:52:00+0000
249,247,,,,,,,,,,,,,,,,,2025-03-25 05:07:00+0000
250,248,,,,,,,,,,,,,,,,,2025-03-25 00:00:00+0000
251,249,,,,,10.0,USD,,,,,,,,,,,2025-03-25 05:48:00+0000
252,250,,,,,,,928.0,USD,,,,,928.0,USD,,,2025-03-25 00:00:00+0000
253,251,,,,,,,,,,,,,,,,,2025-03-25 00:00:00+0000
254,252,,,,,,,,,,,,,,,,,2025-03-20 00:00:00+0000
255,253,,,,,,,998.0,USD,,,,,775.0,USD,,,2025-03-25 00:00:00+0000
256,254,,,,,,,,,,,,,,,,,2025-03-20 00:00:00+0000
257,255,,,,,,,,,,,,,,,,,2025-03-20 00:00:00+0000
258,256,,,,,,,,,,,,,,,,,2025-03-20 00:00:00+0000
259,257,,,,,,,,,,,,,,,,,2025-03-20 00:00:00+0000
260,258,,,,,,,,,,,,,,,,,2025-03-20 00:00:00+0000
261,259,,,,,,,,,,,,,,,,,2025-03-20 00:00:00+0000
262,260,,,,,,,,,,,,,,,,,2025-03-20 00:00:00+0000
263,261,,,,,,,,,,,,,,,,,2025-03-20 00:00:00+0000
264,262,,,,,,,,,,,,,,,,,2025-03-20 00:00:00+0000
265,263,,,,,,,,,,,,,,,,,2025-03-20 00:00:00+0000
266,264,,,,,,,,,,,,,,,,,2025-03-25 05:44:00+0000
267,265,,,,,,,928.0,USD,,,,,786.0,USD,,,2025-03-25 00:00:00+0000
268,266,,,,,,,,,,,,,,,,,2025-03-20 00:00:00+0000
269,267,,,,,,,,,,,,,,,,,2025-03-20 00:00:00+0000
270,268,,,,,,,,,,,,,,,,,2025-03-20 00:00:00+0000
271,269,,,,,,,,,,,,,,,,,2025-03-20 00:00:00+0000
272,270,,,,,,,1200.0,USD,,,,,,,,,2025-03-20 00:00:00+0000
273,271,,,,,,,1200.0,USD,,,,,,,900.0,USD,2025-03-25 21:47:00+0000
274,272,,,1250.0,USD,1200.0,USD,1300.0,USD,1150.0,USD,1100.0,USD,1400.0,USD,1450.0,USD,2025-03-25 00:00:00+0000
275,273,,,,,,,,,,,,,,,,,2025-03-20 00:00:00+0000
276,274,,,,,,,,,,,,,,,,,2025-03-20 00:00:00+0000
277,275,,,,,,,,,,,,,,,,,2025-03-26 01:33:00+0000
278,276,,,,,,,1200.0,USD,,,,,,,1000.0,USD,2025-03-26 01:33:00+0000
279,277,,,,,1417.0,USD,1500.0,USD,,,,,1000.0,USD,1100.0,USD,2025-03-25 21:47:00+0000
280,278,,,,,,,,,,,,,,,,,2025-03-25 18:55:00+0000
281,279,,,,,,,,,,,,,,,,,2025-03-25 00:00:00+0000
282,280,,,,,,,1062.0,CAD,,,,,,,966.0,CAD,2025-03-25 00:00:00+0000
283,281,,,,,,,,,,,,,,,,,2025-03-25 00:00:00+0000
284,282,,,,,,,585.0,USD,,,,,,,585.0,USD,2025-03-25 00:00:00+0000
285,283,,,1195.0,USD,1200.0,USD,1225.0,USD,1100.0,USD,1125.0,USD,1021.0,USD,1050.0,USD,2025-03-26 02:43:00+0000
286,284,,,,,,,,,,,,,,,,,2025-03-25 19:50:00+0000
287,285,,,,,,,1500.0,USD,,,,,,,1200.0,USD,2025-03-25 19:50:00+0000
288,286,,,,,,,1000.0,USD,,,,,,,800.0,USD,2025-03-25 20:02:00+0000
289,287,,,,,,,1800.0,USD,,,,,,,1200.0,USD,2025-03-25 20:30:00+0000
290,288,,,,,,,,,,,,,,,,,2025-03-25 20:11:00+0000
291,289,,,,,,,,,,,,,,,,,2025-03-25 20:11:00+0000
292,290,,,,,,,,,,,,,,,,,2025-03-25 20:11:00+0000
293,291,,,,,,,1400.0,USD,,,,,,,1200.0,USD,2025-03-26 05:44:00+0000
294,292,,,,,,,,,,,,,10.0,USD,8.0,USD,2025-03-26 05:44:00+0000
295,293,,,,,,,,,,,,,5.0,USD,3.0,USD,2025-03-26 05:55:00+0000
296,294,,,,,,,,,,,,,,,,,2025-03-26 06:03:00+0000
297,295,,,,,,,937.0,USD,,,,,,,,,2025-03-26 06:30:00+0000
298,296,,,3198.0,CAD,2930.0,CAD,3038.0,CAD,3500.0,CAD,3200.0,CAD,2598.0,CAD,2468.0,CAD,2025-03-26 06:11:00+0000
299,297,,,,,,,1200.0,USD,,,,,,,,,2025-03-26 07:17:00+0000
300,298,,,,,,,1200.0,USD,,,,,,,,,2025-03-26 07:20:00+0000
301,299,,,,,,,,,,,,,,,,,2025-03-26 07:25:00+0000
302,300,,,,,,,,,,,,,,,,,2025-03-20 00:00:00+0000
303,301,,,,,,,1200.0,USD,,,,,,,900.0,USD,2025-03-25 21:47:00+0000
304,302,,,,,,,,,,,,,,,,,2025-03-26 00:00:00+0000
305,303,,,,,,,,,,,,,,,,,2025-03-25 18:52:00+0000
306,304,,,,,,,,,,,,,,,,,2025-03-20 00:00:00+0000
307,305,,,1563.0,USD,1777.0,USD,1650.0,USD,,,,,1108.0,USD,1150.0,USD,2025-03-26 00:00:00+0000
308,306,,,,,,,,,,,,,,,,,2025-03-26 00:00:00+0000
309,307,,,,,,,882.0,USD,,,,,,,,,2025-03-26 00:00:00+0000
310,308,,,,,,,1400.0,USD,,,,,,,950.0,USD,2025-03-26 00:00:00+0000
311,309,,,,,,,1400.0,USD,,,,,,,950.0,USD,2025-03-26 00:00:00+0000
312,310,,,,,,,1500.0,USD,,,,,,,1000.0,USD,2025-03-26 00:00:00+0000
313,311,,,,,,,,,,,,,,,,,2024-05-22 00:00:00+0000
314,312,,,,,,,,,,,,,150.0,USD,160.0,USD,2025-03-26 00:00:00+0000
315,313,,,1481.0,USD,1458.0,USD,1495.0,USD,,,,,1090.0,USD,1073.0,USD,2024-07-27 19:00:00+0000
316,314,,,1252.0,USD,1183.0,USD,1375.0,USD,,,,,1072.0,USD,1175.0,USD,2024-07-27 19:05:00+0000
317,315,,,1885.0,USD,1748.0,USD,1813.0,USD,,,,,1521.0,USD,1475.0,USD,2024-07-27 19:10:00+0000
318,316,,,,,,,,,,,,,,,,,2024-07-27 19:15:00+0000
319,317,,,,,,,,,,,,,,,,,2024-07-27 18:45:00+0000
320,318,,,1422.0,USD,1350.0,USD,1500.0,USD,,,,,1041.0,USD,1075.0,USD,2024-05-27 13:30:00+0000
321,319,,,,,,,,,,,,,,,,,2024-05-27 13:35:00+0000
322,320,,,,,,,,,,,,,,,,,2024-05-27 13:15:00+0000
323,321,,,,,,,1009.0,USD,,,,,,,,,2025-03-26 00:00:00+0000
324,322,,,,,,,,,,,,,,,,,2024-05-27 13:00:00+0000
325,323,,,1600.0,USD,1550.0,USD,1500.0,USD,,,,,1300.0,USD,1250.0,USD,2024-05-27 13:05:00+0000
326,324,,,826.0,USD,805.0,USD,850.0,USD,,,,,,,,,2025-03-26 00:00:00+0000
327,325,,,,,,,,,,,,,,,,,2024-05-27 12:40:00+0000
328,326,,,,,,,,,,,,,,,,,2024-05-27 12:45:00+0000
329,327,,,,,,,,,,,,,,,,,2024-05-27 12:50:00+0000
330,328,,,,,,,,,,,,,,,,,2024-05-27 13:10:00+0000
331,329,,,,,,,,,,,,,,,,,2024-05-27 12:25:00+0000
332,330,,,,,,,691.0,USD,,,,,,,594.0,USD,2024-05-27 12:30:00+0000
333,331,,,,,,,,,,,,,,,,,2025-03-20 00:00:00+0000
334,332,,,,,,,,,,,,,,,,,2024-05-27 12:20:00+0000
335,333,,,,,,,,,,,,,,,,,2024-05-27 13:20:00+0000
336,334,,,,,1050.0,USD,1050.0,USD,,,,,950.0,USD,950.0,USD,2025-03-20 00:00:00+0000
337,335,,,,,,,1050.0,USD,,,,,,,750.0,USD,2025-03-26 00:00:00+0000
338,336,,,,,,,,,,,,,,,,,2024-05-27 12:05:00+0000
339,337,,,,,,,,,,,,,,,,,2025-03-20 00:00:00+0000
340,338,,,,,,,,,,,,,,,,,2025-03-20 00:00:00+0000
341,339,,,,,,,,,,,,,,,,,2025-03-20 00:00:00+0000
342,340,,,,,,,,,,,,,,,,,2025-03-20 00:00:00+0000
343,341,,,,,,,,,,,,,,,,,2025-03-20 00:00:00+0000
344,342,,,,,,,,,,,,,,,,,2025-03-20 00:00:00+0000
345,343,,,,,,,,,,,,,,,,,2025-03-20 00:00:00+0000
346,344,,,,,,,,,,,,,,,,,2025-03-20 00:00:00+0000
347,345,,,,,,,,,,,,,,,,,2024-05-27 12:10:00+0000
348,346,,,,,,,,,,,,,,,,,2025-03-20 00:00:00+0000
349,347,,,,,,,,,,,,,,,,,2024-06-11 00:00:00+0000
350,348,,,,,,,,,,,,,,,,,2025-03-20 00:00:00+0000
351,349,,,,,,,,,,,,,,,,,2024-06-11 00:00:00+0000
352,350,,,,,,,994.0,USD,,,,,,,879.0,USD,2024-06-11 00:00:00+0000
353,351,,,,,,,675.0,USD,,,,,,,577.0,USD,2024-06-11 00:00:00+0000
354,352,,,,,,,635.0,USD,,,,,,,509.0,USD,2024-06-11 00:00:00+0000
355,353,,,,,,,,,,,,,,,,,2024-06-11 00:00:00+0000
356,354,,,,,,,919.0,USD,,,,,,,785.0,USD,2024-06-11 00:00:00+0000
357,355,,,,,,,,,,,,,,,,,2024-06-11 00:00:00+0000
358,356,,,,,,,1350.0,USD,,,,,,,900.0,USD,2025-03-26 00:00:00+0000
359,357,,,,,,,,,,,,,,,,,2024-06-11 00:00:00+0000
360,358,,,,,,,,,,,,,,,,,2025-03-26 00:00:00+0000
361,359,,,,,,,,,,,,,,,,,2024-06-11 00:00:00+0000
362,360,,,,,,,,,,,,,,,,,2024-06-11 00:00:00+0000
363,361,,,,,,,,,,,,,,,,,2024-06-11 00:00:00+0000
364,362,,,,,,,,,,,,,,,,,2024-06-11 00:00:00+0000
365,363,,,,,,,,,,,,,,,,,2024-06-11 00:00:00+0000
366,364,,,,,,,,,,,,,,,,,2024-06-11 00:00:00+0000
367,365,,,,,,,,,,,,,,,,,2025-03-20 00:00:00+0000
368,366,,,,,,,,,,,,,,,,,2024-06-11 00:00:00+0000
369,367,,,,,,,,,,,,,,,,,2024-06-11 00:00:00+0000
370,368,,,,,,,,,,,,,,,,,2024-05-16 00:00:00+0000
371,369,,,,,,,,,,,,,,,,,2024-05-16 00:00:00+0000
372,370,,,,,,,,,,,,,,,,,2024-05-16 00:00:00+0000
373,371,,,,,,,,,,,,,,,,,2024-05-16 00:00:00+0000
374,372,,,,,,,,,,,,,,,,,2024-05-16 00:00:00+0000
375,373,,,1800.0,USD,1700.0,USD,,,,,,,1200.0,USD,,,2024-05-16 00:00:00+0000
376,374,,,,,,,,,,,,,,,,,2024-05-16 00:00:00+0000
377,375,,,18.0,USD,20.0,USD,,,,,,,15.0,USD,,,2024-05-16 00:00:00+0000
378,376,,,,,,,,,,,,,,,,,2024-05-16 00:00:00+0000
379,377,,,21.0,USD,24.0,USD,,,,,,,18.0,USD,,,2024-05-16 00:00:00+0000
380,378,,,,,,,,,,,,,,,,,2024-05-16 00:00:00+0000
381,379,,,,,,,,,,,,,,,,,2024-05-16 00:00:00+0000
382,380,,,,,,,,,,,,,,,,,2024-05-22 00:00:00+0000
383,381,,,,,,,,,,,,,1150000.0,CAD,,,2025-03-26 00:00:00+0000
384,382,,,,,,,,,,,,,20025000.0,CAD,,,2025-03-26 00:00:00+0000
385,383,,,,,,,1450.0,USD,,,,,,,1200.0,USD,2024-05-22 00:00:00+0000
386,384,,,,,,,,,,,,,,,,,2024-05-16 00:00:00+0000
387,385,,,,,,,,,,,,,3500000.0,CAD,,,2025-03-26 00:00:00+0000
388,386,,,,,,,,,,,,,,,,,2025-03-26 00:00:00+0000
389,387,,,,,,,,,,,,,,,,,2024-05-16 00:00:00+0000
390,388,,,,,,,,,,,,,,,,,2025-03-20 00:00:00+0000
391,389,,,,,,,,,,,,,,,,,2024-05-16 00:00:00+0000
392,390,,,,,,,,,,,,,,,,,2025-03-25 23:24:00+0000
393,391,,,,,,,15.0,USD,,,,,,,,,2025-03-25 23:24:00+0000
394,392,,,,,,,15.0,USD,,,,,,,12.0,USD,2025-03-26 00:00:00+0000
395,393,,,,,,,538.0,USD,,,,,,,400.0,USD,2025-03-26 00:00:00+0000
396,394,,,,,,,1200.0,USD,,,,,,,900.0,USD,2025-03-26 00:00:00+0000
397,395,,,,,,,6000.0,USD,,,,,,,5000.0,USD,2025-03-26 00:00:00+0000
398,396,,,,,,,1662.0,USD,,,,,,,1385.0,USD,2025-03-25 22:56:00+0000
399,397,,,,,,,,,,,,,,,,,2025-03-25 22:56:00+0000
400,398,,,,,,,1214.0,USD,,,,,,,973.0,USD,2025-03-25 22:49:00+0000
401,399,,,1500.0,USD,1500.0,USD,1600.0,USD,1600.0,USD,1600.0,USD,1200.0,USD,1200.0,USD,2025-03-26 05:30:00+0000
402,400,,,,,,,1200.0,USD,,,,,,,1000.0,USD,2025-03-26 05:25:00+0000
403,401,,,1458.0,USD,1458.0,USD,1350.0,USD,1600.0,USD,1600.0,USD,1000.0,USD,1000.0,USD,2025-03-26 05:20:00+0000
404,402,,,,,,,1200.0,USD,,,,,,,1000.0,USD,2025-03-26 05:15:00+0000
405,403,,,,,,,1300.0,USD,,,,,,,1000.0,USD,2025-03-26 05:12:00+0000
406,404,,,,,,,1200.0,USD,,,,,,,1500.0,USD,2025-03-26 05:07:00+0000
407,405,,,1510.0,USD,1510.0,USD,1450.0,USD,,,,,1340.0,USD,1300.0,USD,2025-03-25 00:00:00+0000
408,406,,,,,,,,,,,,,,,,,2025-03-25 00:00:00+0000
409,407,,,,,,,,,,,,,,,,,2025-03-25 00:00:00+0000
410,408,,,,,,,1250.0,USD,,,,,,,1140.0,USD,2024-05-22 00:00:00+0000
411,409,,,,,,,,,,,,,,,,,2025-03-20 00:00:00+0000
412,410,,,,,,,,,,,,,,,,,2025-03-25 21:30:00+0000
413,411,,,,,,,,,,,,,,,,,2025-03-20 00:00:00+0000
414,412,,,1439.0,USD,1365.0,USD,1365.0,USD,,,,,995.0,USD,995.0,USD,2025-03-25 20:59:00+0000
415,413,,,,,,,,,,,,,,,,,2025-03-25 20:55:00+0000
416,414,,,,,,,,,,,,,,,,,2025-03-25 20:54:00+0000
417,415,,,,,1100.0,USD,,,,,,,,,,,2025-03-25 20:53:00+0000
418,416,,,,,,,,,,,,,,,,,2025-03-20 00:00:00+0000
419,417,,,,,,,,,,,,,,,,,2025-03-25 20:47:00+0000
420,418,,,,,,,,,,,,,,,,,2025-03-25 20:47:00+0000
421,419,,,,,,,1900.0,USD,,,,,,,1600.0,USD,2025-03-26 03:45:00+0000
422,420,,,,,,,,,,,,,,,,,2025-03-25 20:49:00+0000
423,421,,,,,,,,,,,,,,,,,2025-03-25 21:00:00+0000
424,422,,,,,,,1600.0,USD,,,,,,,1300.0,USD,2025-03-26 03:43:00+0000
425,423,,,,,,,1700.0,USD,,,,,,,1400.0,USD,2025-03-26 03:44:00+0000
426,424,,,,,,,1500.0,USD,,,,,,,1200.0,USD,2025-03-26 03:40:00+0000
427,425,,,,,,,1700.0,USD,,,,,,,1400.0,USD,2025-03-26 03:39:00+0000
428,426,,,,,,,1600.0,USD,,,,,,,1300.0,USD,2025-03-26 03:38:00+0000
429,427,,,,,,,1800.0,USD,,,,,,,1500.0,USD,2025-03-25 20:16:00+0000
430,428,,,,,,,,,,,,,,,,,2025-03-25 19:53:00+0000
431,429,,,,,,,,,,,,,,,,,2025-03-25 00:00:00+0000
432,430,,,,,,,,,,,,,,,,,2025-03-26 01:01:00+0000
433,431,,,1450.0,USD,1400.0,USD,1500.0,USD,1600.0,USD,1550.0,USD,1100.0,USD,1200.0,USD,2025-03-26 03:41:00+0000
434,432,,,,,,,1800.0,USD,,,,,,,1500.0,USD,2025-03-26 03:44:00+0000
435,433,,,,,,,,,,,,,,,,,2025-03-26 02:55:00+0000
436,434,,,,,,,,,,,,,,,,,2025-03-26 02:49:00+0000
437,435,,,,,,,,,,,,,,,,,2025-03-25 20:00:00+0000
438,436,,,,,,,,,,,,,,,,,2025-03-25 19:53:00+0000
439,437,,,,,,,,,,,,,,,,,2025-03-25 19:53:00+0000
440,438,,,,,,,,,,,,,,,,,2025-03-25 18:58:00+0000
441,439,,,802.0,USD,1313.0,USD,950.0,USD,,,,,585.0,USD,,,2025-03-25 18:58:00+0000
442,440,,,,,,,1200.0,USD,,,,,,,900.0,USD,2025-03-25 00:00:00+0000
443,441,,,,,,,900.0,USD,,,,,,,1200.0,USD,2025-03-25 00:00:00+0000
444,442,,,,,,,1000.0,USD,,,,,,,1200.0,USD,2025-03-25 00:00:00+0000
445,443,,,,,,,900.0,USD,,,,,,,,,2025-03-25 00:00:00+0000
446,444,,,500.0,USD,520.0,USD,540.0,USD,,,,,500.0,USD,540.0,USD,2025-03-26 02:40:00+0000
447,445,,,,,,,,,,,,,,,,,2025-03-20 00:00:00+0000
448,446,,,,,,,,,,,,,,,,,2025-03-20 00:00:00+0000
449,447,,,,,,,,,,,,,,,,,2025-03-20 00:00:00+0000
450,448,,,,,,,,,,,,,,,,,2025-03-20 00:00:00+0000
451,449,,,,,,,,,,,,,,,,,2025-03-26 02:45:00+0000
452,450,,,,,,,,,,,,,,,,,2025-03-20 00:00:00+0000
453,451,,,,,,,,,,,,,,,,,2025-03-26 02:28:00+0000
454,452,,,,,,,,,,,,,,,,,2025-03-20 00:00:00+0000
455,453,,,,,,,,,,,,,,,,,2025-03-20 00:00:00+0000
456,454,,,,,,,,,,,,,,,,,2025-03-20 00:00:00+0000
457,456,,,,,,,,,,,,,,,,,2025-03-20 00:00:00+0000
458,457,,,,,,,,,,,,,,,,,2025-03-20 00:00:00+0000
459,458,,,,,,,,,,,,,,,,,2025-03-20 00:00:00+0000
460,459,,,,,,,,,,,,,,,,,2025-03-20 00:00:00+0000
461,460,,,,,,,,,,,,,,,,,2025-03-20 00:00:00+0000
462,461,,,,,,,,,,,,,,,,,2025-03-20 00:00:00+0000
463,462,,,,,,,,,,,,,,,,,2025-03-20 00:00:00+0000
464,463,,,,,,,,,,,,,,,,,2025-03-20 00:00:00+0000
465,464,,,,,,,,,,,,,,,,,2025-03-24 00:00:00+0000
466,465,,,1350.0,USD,1300.0,USD,1400.0,USD,1450.0,USD,1400.0,USD,1100.0,USD,1150.0,USD,2025-03-24 00:00:00+0000
467,466,,,,,,,,,,,,,,,,,2025-03-24 00:00:00+0000
468,467,,,,,,,,,,,,,,,,,2025-03-24 00:00:00+0000
469,468,,,,,,,,,,,,,,,,,2025-03-24 00:00:00+0000
470,469,,,,,,,,,,,,,,,,,2025-03-24 00:00:00+0000
471,470,,,,,,,,,,,,,,,,,2025-03-24 00:00:00+0000
472,471,,,,,,,,,,,,,,,,,2025-03-20 00:00:00+0000
473,472,,,,,,,,,,,,,,,,,2025-03-24 21:46:00+0000
474,473,,,,,,,750.0,USD,,,,,,,600.0,USD,2025-03-24 21:44:00+0000
475,474,,,,,,,,,,,,,,,,,2025-03-24 21:44:00+0000
476,475,,,,,,,,,,,,,,,,,2025-03-24 00:00:00+0000
477,476,,,,,,,,,,,,,,,,,2025-03-24 21:41:00+0000
478,477,,,,,,,1200.0,USD,,,,,,,1000.0,USD,2025-03-24 00:00:00+0000
479,478,,,,,,,,,,,,,,,,,2025-03-24 21:35:00+0000
480,479,,,,,,,,,,,,,,,,,2025-03-24 21:34:00+0000
481,480,,,0.0,CAD,0.0,CAD,0.0,CAD,0.0,CAD,0.0,CAD,0.0,CAD,0.0,CAD,2025-03-24 00:00:00+0000
482,481,,,,,,,1400.0,USD,,,,,,,1050.0,USD,2025-03-24 00:00:00+0000
483,482,,,,,,,,,,,,,,,,,2025-03-24 21:22:00+0000
484,483,,,,,,,1500.0,USD,,,,,,,1000.0,USD,2025-03-24 21:20:00+0000
485,484,,,,,,,,,,,,,,,,,2025-03-20 00:00:00+0000
486,485,,,1250.0,AUD,1200.0,AUD,1100.0,AUD,,,,,,,,,2025-03-24 00:00:00+0000
487,486,,,,,,,,,,,,,,,,,2025-03-24 00:00:00+0000
488,487,,,437.0,USD,368.0,USD,368.0,USD,879.0,USD,714.0,USD,437.0,USD,437.0,USD,2025-03-24 00:00:00+0000
489,488,,,,,,,1200.0,USD,,,,,,,900.0,USD,2025-03-24 20:59:00+0000
490,489,,,,,,,1.38,USD/lb Cu,,,,,,,0.95,USD/lb Cu,2025-03-24 20:56:00+0000
491,490,,,,,,,1100.0,USD,,,,,,,800.0,USD,2025-03-24 20:50:00+0000
492,491,,,,,,,877.0,USD,,,,,,,650.0,USD,2025-03-24 20:47:00+0000
493,492,,,,,,,1200.0,USD,,,,,,,900.0,USD,2025-03-24 20:41:00+0000
494,493,,,,,,,,,,,,,,,,,2025-03-25 03:36:00+0000
495,494,,,,,,,,,,,,,,,,,2025-03-25 03:34:00+0000
496,495,,,,,,,,,,,,,,,,,2025-03-25 03:32:00+0000
497,496,,,,,,,,,,,,,,,,,2025-03-25 03:29:00+0000
498,497,,,,,,,,,,,,,,,,,2025-03-25 03:25:00+0000
499,498,,,,,,,1200.0,USD,,,,,,,,,2025-03-24 21:18:00+0000
500,499,,,,,,,924.0,USD,,,,,,,,,2025-03-24 21:16:00+0000
501,500,,,,,,,,,,,,,,,,,2025-03-20 00:00:00+0000
503,5,,,,,,,,,,,,,,,,,2024-07-27 20:24:00+0000
504,6,,,,,,,,,,,,,,,,,2023-11-22 00:00:00+0000
505,45,,,,,,,,,,,,,,,,,2025-03-21 00:00:00+0000
