valuation_id,company_id,mkt_cap_per_reserve_oz_precious,mkt_cap_per_mi_oz_precious,mkt_cap_per_resource_oz_precious,mkt_cap_per_mineable_oz_precious,mkt_cap_per_reserve_oz_all,mkt_cap_per_mi_oz_all,mkt_cap_per_resource_oz_all,mkt_cap_per_mineable_oz_all,ev_per_reserve_oz_precious,ev_per_mi_oz_precious,ev_per_resource_oz_precious,ev_per_mineable_oz_precious,ev_per_reserve_oz_all,ev_per_mi_oz_all,ev_per_resource_oz_all,ev_per_mineable_oz_all,mkt_cap_per_production_oz,ev_per_production_oz,last_updated
1004,7,443.1333052631579,224.52087466666666,841.95328,443.1333052631579,443.1333052631579,224.52087466666666,841.95328,443.1333052631579,471.79472842105264,239.0426624,896.409984,471.79472842105264,471.79472842105264,239.0426624,896.409984,471.79472842105264,4209.7664,4482.04992,2025-03-27 02:49:28
1009,10,1404.82531645946,1718.811648302676,2285.2193199516323,1404.82531645946,1404.82531645946,1718.811648302676,2285.2193199516323,1404.82531645946,1411.3010018026055,1726.7346856142426,2295.753271100363,1411.3010018026055,1411.3010018026055,1726.7346856142426,2295.753271100363,1411.3010018026055,22907.592455757574,23013.187335757575,2025-03-27 02:49:28
1011,15,3265.993728,1139.3001376744187,1399.7115977142857,3265.993728,3265.993728,1113.4069527272727,1360.83072,3265.993728,3256.0336213333335,1135.825681860465,1395.4429805714285,3256.0336213333335,3256.0336213333335,1110.0114618181817,1356.6806755555556,3256.0336213333335,19595.962368,19536.201728,2025-03-27 02:49:28
1014,39,1552.1980416,970.123776,2586.996736,1552.1980416,1552.1980416,970.123776,2586.996736,1552.1980416,1545.7380352,966.086272,2576.2300586666665,1545.7380352,1545.7380352,966.086272,2576.2300586666665,1545.7380352,29849.962338461537,29725.731446153844,2025-03-27 02:49:28
1015,16,96.47919333333333,57.887516,289.43758,96.47919333333333,96.47919333333333,57.887516,289.43758,96.47919333333333,147.04818666666668,88.228912,441.14456,147.04818666666668,147.04818666666668,88.228912,441.14456,147.04818666666668,1929.5838666666666,2940.9637333333335,2025-03-27 02:49:28
1016,17,,240.76974,80.25658,,,240.76974,80.25658,,,194.88294,64.96098,,,194.88294,64.96098,,,,2025-03-27 02:49:28
1024,26,,397.4195027777778,238.45170166666665,,,397.4195027777778,238.45170166666665,,,472.5412680555555,283.52476083333335,,,472.5412680555555,283.52476083333335,,,,2025-03-27 02:49:28
1025,31,,,25.233757845433253,,,,25.233757845433253,,,,25.18182868852459,,,,25.18182868852459,,,,2025-03-27 02:49:28
1027,29,,325.9779595,184.95203375886524,,,325.9779595,184.95203375886524,,,218.08996374999998,123.73898652482268,,,218.08996374999998,123.73898652482268,,,,2025-03-27 02:49:28
1028,30,363.3154162162162,229.39710580204778,,363.3154162162162,363.3154162162162,229.39710580204778,,363.3154162162162,326.5625513513514,206.1913720136519,,326.5625513513514,326.5625513513514,206.1913720136519,,326.5625513513514,4888.243781818182,4393.750690909091,2025-03-27 02:49:28
1029,41,,153.34225333333333,57.503345,,,153.34225333333333,57.503345,,,125.87798666666667,47.204245,,,125.87798666666667,47.204245,,,,2025-03-27 02:49:28
1030,32,643.3532436194896,293.6566036536934,436.4978323494687,643.3532436194896,643.3532436194896,293.6566036536934,436.4978323494687,643.3532436194896,967.4496148491879,441.5893926396611,656.3884832743015,967.4496148491879,967.4496148491879,441.5893926396611,656.3884832743015,967.4496148491879,4621.4208,6949.513066666666,2025-03-27 02:49:28
1034,36,223.8978316100443,147.1639145631068,308.55741882951656,223.8978316100443,223.8978316100443,147.1639145631068,308.55741882951656,223.8978316100443,238.1352082717873,156.5218796116505,328.1781903307888,238.1352082717873,238.1352082717873,156.5218796116505,328.1781903307888,238.1352082717873,2755.9787636363635,2931.2279272727274,2025-03-27 02:49:28
1035,49,,135.06252654079088,457.3226924004825,,,113.57714559616537,333.4393245382586,,,126.25368008550053,427.49587454764776,,,106.16958657878969,311.6922427440633,,10832.014628571429,10125.545142857143,2025-03-27 02:49:28
1036,38,,12.563844129287599,42.51515111607143,,,12.563844129287599,42.51515111607143,,,10.95714302110818,37.07818933035714,,,10.95714302110818,37.07818933035714,,,,2025-03-27 02:49:28
1044,48,,1346.6161665278935,20216.0752,,,1346.6161665278935,20216.0752,,,1387.6260449625313,20831.736,,,1387.6260449625313,20831.736,,46208.171885714284,47615.39657142857,2025-03-27 02:49:28
1051,55,1095.6412666666668,131.476952,657.38476,1095.6412666666668,1095.6412666666668,131.476952,657.38476,1095.6412666666668,2012.2550666666666,241.470608,1207.35304,2012.2550666666666,2012.2550666666666,241.470608,1207.35304,2012.2550666666666,,,2025-03-27 02:49:28
1054,58,,,,,,,,,,,,,,,,,,,2025-03-27 02:49:28
1058,62,,,,,,,,,,,,,,,,,,,2025-03-27 02:49:28
1059,63,,40.25219006007646,377.9577435897436,,,40.25219006007646,377.9577435897436,,,28.893262697979246,271.3003282051282,,,28.893262697979246,271.3003282051282,,2456.7253333333333,1763.4521333333332,2025-03-27 02:49:28
1061,69,,,,,,,,,,,,,,,,,,,2025-03-27 02:49:28
1064,68,1217.8690048,811.9126698666666,1623.8253397333333,1217.8690048,1217.8690048,811.9126698666666,1623.8253397333333,1217.8690048,1246.265344,830.8435626666667,1661.6871253333334,1246.265344,1246.265344,830.8435626666667,1661.6871253333334,1246.265344,6089.345024,6231.32672,2025-03-27 02:49:28
1068,72,,11.914962666666666,4.4681109999999995,,,11.914962666666666,4.4681109999999995,,,,,,,,,,,,2025-03-27 02:49:28
1073,95,,59.577084684684685,244.92801481481482,,,56.396523963841034,233.42945287680902,,,55.02923603603604,226.2313037037037,,,52.09146512024561,215.61049064595835,,,,2025-03-27 02:49:28
1074,78,,1024.90336,215.3158319327731,,,382.42662686567166,91.18357295373666,,,964.007232,202.52252773109242,,,359.7041910447761,85.76576797153025,,,,2025-03-27 02:49:28
1075,97,,104.47328979591836,423.073652892562,,,104.47328979591836,423.073652892562,,,210.77335510204082,853.5449917355372,,,210.77335510204082,853.5449917355372,,,,2025-03-27 02:49:28
1076,80,,75.445865,33.681189732142855,,,47.153665625,13.520764336917562,,,73.33111339999999,32.73710419642857,,,45.831945875,13.141776594982078,,,,2025-03-27 02:49:28
1077,81,512.3044937142857,263.6861364705882,1195.377152,597.688576,312.3807888501742,229.88022153846154,896.532864,358.6131456,347.5408457142857,178.88131764705884,810.92864,405.46432,211.91514982578397,155.94781538461538,608.19648,243.278592,,,2025-03-27 02:49:28
1079,83,1940.446592,,,,1293.6310613333333,,,,2201.72544,,,,1467.81696,,,,17640.423563636363,20015.685818181817,2025-03-27 02:49:28
1081,86,,,12.00266,,,,8.001773333333333,,,,9.829669,,,,6.553112666666667,,,,2025-03-27 02:49:28
1082,88,,,791.5424,,,,316.61696,,,,778.7617066666667,,,,311.50468266666667,,,,2025-03-27 02:49:28
1083,89,,15.14916956937799,54.12267418803419,,,15.14916956937799,54.12267418803419,,,21.022166267942584,75.10483333333333,,,21.022166267942584,75.10483333333333,,,,2025-03-27 02:49:28
1090,100,648.7583219512196,309.29175813953486,738.8636444444444,648.7583219512196,648.7583219512196,309.29175813953486,738.8636444444444,648.7583219512196,719.5353912195122,343.03431441860465,819.4708622222222,719.5353912195122,719.5353912195122,343.03431441860465,819.4708622222222,719.5353912195122,,,2025-03-27 02:49:28
1092,98,,50.40882694166935,20.335230109204367,,,50.40882694166935,20.335230109204367,,,48.6709571382533,19.63416276651066,,,48.6709571382533,19.63416276651066,,,,2025-03-27 02:49:28
1094,103,,313.3998418518519,61.317360362318844,,,313.3998418518519,61.317360362318844,,,,,,,,,,,,2025-03-27 02:49:28
1096,102,,,,,,,,,,,,,,,,,,,2025-03-27 02:49:28
1097,107,1591.4349934706179,2644.864,11521.989352727272,,1241.1073529181356,1879.3280379596679,7961.173547738694,,1294.4335911602209,2151.266510851419,9371.6992,,1009.485812769291,1528.5986239620404,6475.420301507537,,,,2025-03-27 02:49:28
1103,109,,30.800501006751155,14.97285985720866,,,30.436403323970037,14.945323563218391,,,29.592811417742507,14.385773076923076,,,29.24299002808989,14.35931648275862,,,,2025-03-27 02:49:28
1105,140,,,,,,,,,,,,,,,,,,,2025-03-27 02:49:28
1106,116,18.40077121763713,2.5689042340541524,7.900103646849773,22.992313087674713,18.40077121763713,2.5689042340541524,7.900103646849773,22.992313087674713,18.482378409160244,2.5802972923859713,7.93514050827996,23.09428371029225,18.482378409160244,2.5802972923859713,7.93514050827996,23.09428371029225,,,2025-03-27 02:49:28
1107,129,366.81541742859457,199.89733868336347,655.125974566474,366.81541742859457,330.9586614104249,185.5470774771825,626.1701303867403,330.9586614104249,360.23373800469295,196.310629569205,643.3712092485549,360.23373800469295,325.020351000146,182.21785159415543,614.9349127071823,325.020351000146,9066.943488,8904.257536,2025-03-27 02:49:28
1108,114,324.407168,162.203584,108.13572266666667,405.50896,216.27144533333333,108.13572266666667,72.09048177777778,405.50896,338.223616,169.111808,112.74120533333334,422.77952,225.48241066666668,112.74120533333334,75.16080355555556,422.77952,,,2025-03-27 02:49:28
1112,135,,,,,,,,,,,,,,,,,,,2025-03-27 02:49:28
1113,121,,,,,,,,,,,,,,,,,,,2025-03-27 02:49:28
1117,125,237.35178242939918,259.4253492326125,458.54660104881003,237.35178242939918,237.35178242939918,259.4253492326125,458.54660104881003,237.35178242939918,304.4073188912669,332.71700850116963,588.093082694635,304.4073188912669,304.4073188912669,332.71700850116963,588.093082694635,304.4073188912669,7907.735819130435,10141.793057391304,2025-03-27 02:49:28
1120,128,,40.25591935,21.469823653333332,,,24.772873446153845,12.881894192,,,38.270582149999996,20.410977146666667,,,23.551127476923075,12.246586288,,,,2025-03-27 02:49:28
1121,132,10.208107698289268,1.8620746808510638,26.255253,10.208107698289268,6.742489214175655,1.2984793768545995,16.409533125,6.742489214175655,,,,,,,,,,,2025-03-27 02:49:28
1123,131,2052.195,24.875090909090908,131.55096153846154,,732.9267857142858,24.875090909090908,110.92945945945947,,1903.4894,23.07259878787879,122.01855128205128,,679.8176428571428,23.07259878787879,102.89131891891891,,,,2025-03-27 02:49:28
1127,151,,,7.4199025,,,,7.4199025,,,,6.519667542857143,,,,6.519667542857143,,,,2025-03-27 02:49:28
1129,137,,,,,,,,,,,,,,,,,,,2025-03-27 02:49:28
1131,139,11.703866198439242,10.625878522267207,41.009249921875,12.322028145539907,11.703866198439242,10.625878522267207,41.009249921875,12.322028145539907,,,,,,,,,,,2025-03-27 02:49:28
1132,147,,,,,,19.35259346,9.67629673,,,,,,,13.11901542,6.55950771,,,,2025-03-27 02:49:28
1136,144,,,,,,,,,,,,,,,,,63312.57504477612,61146.35348059701,2025-03-27 02:49:28
1138,156,,9.737751388471178,39.64655922448979,,,7.248811201492537,31.082902432,,,15.43389784461153,62.83801265306122,,,11.48903962686567,49.265001919999996,,,,2025-03-27 02:49:28
1139,153,,14.57911921708185,910.385,,,14.57911921708185,910.385,,,14.255859430604982,890.1992222222223,,,14.255859430604982,890.1992222222223,,,,2025-03-27 02:49:28
1142,150,1388.6903867403314,4488.4457142857145,3103.122962962963,,1232.1223529411764,3866.9686153846155,2792.8106666666667,,1402.441546961326,4532.891428571428,3133.850864197531,,1244.323137254902,3905.260307692308,2820.465777777778,,,,2025-03-27 02:49:28
1143,155,,35.86833190082645,42.1365840776699,,,35.86833190082645,42.1365840776699,,,35.41381024793388,41.60263145631068,,,35.41381024793388,41.60263145631068,,,,2025-03-27 02:49:28
1148,169,,30.159309649122807,120.63723859649123,22.997734448160536,,30.159309649122807,120.63723859649123,22.997734448160536,,,,,,,,,,,2025-03-27 02:49:28
1149,157,169.3322588235294,95.1619305785124,446.30207751937985,169.3322588235294,169.3322588235294,95.1619305785124,446.30207751937985,169.3322588235294,213.19642352941176,119.81286611570248,561.9130542635659,213.19642352941176,213.19642352941176,119.81286611570248,561.9130542635659,213.19642352941176,,,2025-03-27 02:49:28
1152,163,149.67392,49.891306666666665,29.934784,224.51088,149.67392,49.891306666666665,29.934784,224.51088,176.35666666666665,58.785555555555554,35.27133333333333,264.535,176.35666666666665,58.785555555555554,35.27133333333333,264.535,,,2025-03-27 02:49:28
1154,162,20560.442181818184,237.3188499475341,329.8466660184735,16962.3648,20560.442181818184,237.3188499475341,329.8466660184735,16962.3648,18271.83709090909,210.9026316894019,293.13107632474475,15074.2656,18271.83709090909,210.9026316894019,293.13107632474475,15074.2656,,,2025-03-27 02:49:28
1156,164,15.0669226,5.549511086556169,6.608299385964912,15.0669226,15.0669226,5.549511086556169,6.608299385964912,15.0669226,19.38803715,7.141081823204419,8.503525065789473,19.38803715,19.38803715,7.141081823204419,8.503525065789473,19.38803715,,,2025-03-27 02:49:28
1160,172,1980.5161300492614,495.12903251231535,1601.772009561753,1980.5161300492614,1980.5161300492614,495.12903251231535,1601.772009561753,1980.5161300492614,1985.1144197044337,496.2786049261084,1605.4909450199202,1985.1144197044337,1985.1144197044337,496.2786049261084,1605.4909450199202,1985.1144197044337,22973.98710857143,23027.32726857143,2025-03-27 02:49:28
1172,181,,16.896358208955228,117.9225,,,16.896358208955228,117.9225,,,16.891460696517417,117.88831944444445,,,16.891460696517417,117.88831944444445,,,,2025-03-27 02:49:28
1176,189,,14.797041599999998,5.548890599999999,,,14.797041599999998,5.548890599999999,,,,,,,,,,,,2025-03-27 02:49:28
1181,201,,,2.0298055555555554,,,,2.0298055555555554,,,,2.4509438034188036,,,,2.4509438034188036,,,,2025-03-27 02:49:28
1184,194,,252.08757946902656,569.7179296,,,252.08757946902656,569.7179296,,,249.38750973451326,563.615772,,,249.38750973451326,563.615772,,,,2025-03-27 02:49:28
1189,204,427.8196524137931,205.92149244813277,424.1630741880342,427.8196524137931,427.8196524137931,205.92149244813277,424.1630741880342,427.8196524137931,502.69894620689655,241.9629782572614,498.402374017094,502.69894620689655,502.69894620689655,241.9629782572614,498.402374017094,502.69894620689655,7352.159952592592,8638.974482962964,2025-03-27 02:49:28
1192,203,475.8485787234043,133.12430476190477,137.20787239263802,475.8485787234043,475.8485787234043,133.12430476190477,137.20787239263802,475.8485787234043,404.2995744680851,113.10761904761905,116.57717791411044,404.2995744680851,404.2995744680851,113.10761904761905,116.57717791411044,404.2995744680851,,,2025-03-27 02:49:28
1193,207,,,101.78171730000001,,,,101.78171730000001,,,,102.86614689999999,,,,102.86614689999999,,,,2025-03-27 02:49:28
1194,206,,73.355072,24.451690666666668,,,73.355072,24.451690666666668,,,,,,,,,,,,2025-03-27 02:49:28
1196,208,722.7453019178082,606.441460229885,1648.76272,722.7453019178082,722.7453019178082,606.441460229885,1648.76272,722.7453019178082,755.7173304109589,634.1076450574712,1723.98016,755.7173304109589,755.7173304109589,634.1076450574712,1723.98016,755.7173304109589,10049.60134095238,10508.069546666668,2025-03-27 02:49:28
1201,221,,,,,,,,,,,,,,,,,,,2025-03-27 02:49:28
1205,217,2036.0276087591242,1186.9607761702127,737.9253502645503,2036.0276087591242,1650.5075881656805,961.8475255172414,597.2928959314775,1650.5075881656805,1845.7033810218977,1076.005800851064,668.9454052910053,1845.7033810218977,1496.2210840236687,871.9357351724138,541.4590218415418,1496.2210840236687,,,2025-03-27 02:49:28
1207,219,,3.4251551655629138,8.209498888888888,,,3.4251551655629138,8.209498888888888,,,3.6346670993377486,8.711662412698413,,,3.6346670993377486,8.711662412698413,,,,2025-03-27 02:49:28
1209,225,,,9.81419154,,,,9.81419154,,,,,,,,,,,,2025-03-27 02:49:28
1212,224,,33.05654,16.52827,,,33.05654,16.52827,,,31.08592,15.54296,,,31.08592,15.54296,,,,2025-03-27 02:49:28
1213,236,,,,,,,,,,,,,,,,,,,2025-03-27 02:49:28
1214,226,,,20.113300666666667,,,,15.0849755,,,,,,,,,,,,2025-03-27 02:49:28
1217,229,,7.369892787524367,27.596751824817517,,,7.369892787524367,27.596751824817517,,,6.9427920727745285,25.99746228710462,,,6.9427920727745285,25.99746228710462,,,,2025-03-27 02:49:28
1219,238,88.938496,53.3630976,190.58249142857142,,88.938496,53.3630976,190.58249142857142,,84.51125333333333,50.706752,181.09554285714285,,84.51125333333333,50.706752,181.09554285714285,,,,2025-03-27 02:49:28
1223,235,,57.98025,61.8456,,,57.98025,61.8456,,,57.376565,61.201669333333335,,,57.376565,61.201669333333335,,,,2025-03-27 02:49:28
1226,241,,,1.6080294,,,,1.6080294,,,,1.60119806,,,,1.60119806,,,,2025-03-27 02:49:28
1229,245,1864.927364391477,1463.299482006234,4372.551966130398,1864.927364391477,1864.927364391477,1463.299482006234,4372.551966130398,1864.927364391477,1800.390217407006,1412.6609555114762,4221.23667400508,1800.390217407006,1800.390217407006,1412.6609555114762,4221.23667400508,1800.390217407006,21516.599466666667,20772.00213333333,2025-03-27 02:49:28
1232,249,954.000443076923,729.5297505882353,1181.1434057142858,,620.100288,477.0002215384615,670.3786897297298,,910.3649476923077,696.1614305882352,1127.1185066666667,,591.737216,455.18247384615387,639.7159091891892,,,,2025-03-27 02:49:28
1233,253,165.02811227930175,165.02811227930175,2545.241270153846,,165.02811227930175,165.02811227930175,2545.241270153846,,127.05140492768079,127.05140492768079,1959.5235913846154,,127.05140492768079,127.05140492768079,1959.5235913846154,,,,2025-03-27 02:49:28
1234,248,,,7.3022995,,,,6.405525877192982,,,,6.325178439999999,,,,5.548402140350877,,,,2025-03-27 02:49:28
1241,255,,,,,,,,,,,,,,,,,,,2025-03-27 02:49:28
1242,256,,,,,,,,,,,,,,,,,,,2025-03-27 02:49:28
1245,260,,,,,,,,,,,,,,,,,,,2025-03-27 02:49:28
1246,261,,,,,,,,,,,,,,,,,,,2025-03-27 02:49:28
1247,262,,,,,,,,,,,,,,,,,,,2025-03-27 02:49:28
1248,266,,,,,,,,,,,,,,,,,,,2025-03-27 02:49:28
1250,272,49.87989984732825,29.748540314136125,41.09601811320755,,49.87989984732825,29.748540314136125,41.09601811320755,,44.27446717557252,26.405441384020033,36.47770566037736,,44.27446717557252,26.405441384020033,36.47770566037736,,,,2025-03-27 02:49:28
1254,270,,93.453505,18.690701,,,93.453505,18.690701,,,85.60960390000001,17.12192078,,,85.60960390000001,17.12192078,,,,2025-03-27 02:49:28
1257,277,1841.4991639871382,183.09023017902814,154.5765829959514,1841.4991639871382,1841.4991639871382,41.29695990770118,19.18935299045066,1841.4991639871382,1950.475729903537,193.92517647058824,163.7241435897436,1950.475729903537,1950.475729903537,43.74083876550332,20.324943943709165,1950.475729903537,,,2025-03-27 02:49:28
1258,274,,37.15256452,15.480235216666665,,,37.15256452,15.480235216666665,,,40.019613240000005,16.67483885,,,40.019613240000005,16.67483885,,,,2025-03-27 02:49:28
1262,278,,5.3385243392,10.536561195789474,,,1.8051818099188457,3.7073085688888887,,,5.156928059733334,10.17814748631579,,,1.7437763953110912,3.5812000414814817,,,,2025-03-27 02:49:28
1265,281,,,249.74887701333333,,,,249.74887701333333,,,,230.01199744,,,,230.01199744,,,,2025-03-27 02:49:28
1266,282,47.55249914327917,41.27313066666667,160.9652096,,47.55249914327917,41.27313066666667,160.9652096,,49.06581837518464,42.586614153846156,166.0877952,,49.06581837518464,42.586614153846156,166.0877952,,,,2025-03-27 02:49:28
1267,283,593.475,452.1714285714286,703.3777777777777,593.475,231.60000000000002,133.74084507042252,246.63896103896104,231.60000000000002,638.69376,486.62381714285715,756.9703822222223,638.69376,249.2463453658537,143.93098816901409,265.431172987013,249.2463453658537,10128.64,10900.373504,2025-03-27 02:49:28
1279,295,,39.545522798552476,80.74689261083745,,,28.93489708737864,58.64622254025045,,,37.32400868516285,76.21084532019705,,,27.309446778464253,55.35170518783542,,,,2025-03-27 02:49:28
1283,299,,43.85130307467057,106.2072340425532,,,8.542624073017684,20.430040927694407,,,42.86155988286969,103.81009007092199,,,8.349813291500285,19.968925920873122,,,,2025-03-27 02:49:28
1285,305,465.3731968602826,321.870495548317,540.9538802919708,,388.0140397905759,257.55232528236314,540.9538802919708,,462.95570486656203,320.1984625407166,538.1437664233576,,385.99840837696337,256.2144083405734,538.1437664233576,,,,2025-03-27 02:49:28
1288,324,,,,,,,,,,,,,,,,,,,2025-03-27 02:49:28
1289,321,113.71586086956522,104.618592,90.97268869565218,,113.71586086956522,104.618592,90.97268869565218,,109.20465217391305,100.46828,87.36372173913044,,109.20465217391305,100.46828,87.36372173913044,,,,2025-03-27 02:49:28
1296,312,,,,,,,,,,,,,,,,,56713.027368421055,57129.76303157895,2025-03-27 02:49:28
1297,313,1199.7865290322582,581.1466,1430.5147076923076,,907.155668292683,432.48119069767444,1162.2932,,1311.7511019354838,635.37944,1564.0109292307693,,991.8118087804879,472.8405134883721,1270.75888,,,,2025-03-27 02:49:28
1298,314,275.8156,74.97899805825243,586.5445670886076,,275.8156,74.97899805825243,586.5445670886076,,272.91769523809523,74.19121812297735,580.3819341772152,,272.91769523809523,74.19121812297735,580.3819341772152,,,,2025-03-27 02:49:28
1299,315,207.666976,64.89593,129.79186,,157.32346666666666,49.444518095238095,94.39408,,234.459216,73.268505,146.53701,,177.62061818181817,55.82362285714286,106.5723709090909,,,,2025-03-27 02:49:28
1300,316,,,,,,,,,,,,,,,,,,,2025-03-27 02:49:28
1302,318,796.7894588235295,334.050512959381,700.9806806697108,796.7894588235295,700.6252137931034,275.55503023534106,597.0755927398444,700.6252137931034,794.0175723183391,332.88841160541585,698.542095585997,794.0175723183391,698.1878653144016,274.5964240925409,594.9984746758859,698.1878653144016,13816.329216,13768.264704,2025-03-27 02:49:28
1310,327,,,,,,,,,,,,,,,,,,,2025-03-27 02:49:28
1313,330,,79.32338338028168,28.301307638190952,,,79.32338338028168,28.301307638190952,,,104.55019901408451,37.30182979899497,,,104.55019901408451,37.30182979899497,,,,2025-03-27 02:49:28
1315,336,,,,,,,,,,,,,,,,,,,2025-03-27 02:49:28
1317,334,875.1458417777778,437.5729208888889,1312.7187626666666,875.1458417777778,875.1458417777778,437.5729208888889,1312.7187626666666,875.1458417777778,782.8410026666667,391.42050133333333,1174.261504,782.8410026666667,782.8410026666667,391.42050133333333,1174.261504,782.8410026666667,7876.312576,7045.569024,2025-03-27 02:49:28
1326,343,,,,,,,,,,,,,,,,,,,2025-03-27 02:49:28
1333,350,178.65431578947369,67.88864,242.45942857142856,,178.65431578947369,67.88864,242.45942857142856,,171.25943578947368,65.0785856,232.42352,,171.25943578947368,65.0785856,232.42352,,,,2025-03-27 02:49:28
1336,353,,,,,,,,,,,,,,,,,,,2025-03-27 02:49:28
1339,367,,,,,,,,,,,,,,,,,,,2025-03-27 02:49:28
1342,359,,,,,,,,,,,,,,,,,,,2025-03-27 02:49:28
1351,387,,,18.663695866666664,,,,18.663695866666664,,,,10.1327066,,,,10.1327066,,,,2025-03-27 02:49:28
1353,370,,,,,,,,,,,,,,,,,,,2025-03-27 02:49:28
1356,373,341.672485,45.55633133333333,34.1672485,,341.672485,45.55633133333333,34.1672485,,240.0797355,32.0106314,24.00797355,,240.0797355,32.0106314,24.00797355,,,,2025-03-27 02:49:28
1357,374,,,162.35399728,,,,162.35399728,,,,,,,,,,,,2025-03-27 02:49:28
1360,377,96.58948571428571,38.27130566037736,27.045056,,92.19905454545454,36.22105714285714,25.35474,,96.71078857142857,38.319369056603776,27.0790208,,92.31484363636363,36.26654571428571,25.386582,,,,2025-03-27 02:49:28
1361,378,,5.608658133333333,1.4021645333333332,,,5.608658133333333,1.4021645333333332,,,5.409918066666666,1.3524795166666665,,,5.409918066666666,1.3524795166666665,,,,2025-03-27 02:49:28
1368,385,,9.2673375,13.90100625,,,9.2673375,13.90100625,,,10.3882925,15.58243875,,,10.3882925,15.58243875,,,,2025-03-27 02:49:28
1371,388,,,,,,,,,,,,,,,,,,,2025-03-27 02:49:28
1373,390,,74.1076096049574,91.64073180076629,,,74.1076096049574,91.64073180076629,,,67.2050100697134,83.1050459770115,,,67.2050100697134,83.1050459770115,,,,2025-03-27 02:49:28
1374,391,,1119.66336,746.44224,,,1119.66336,746.44224,,,1027.486016,684.9906773333333,,,1027.486016,684.9906773333333,,,,2025-03-27 02:49:28
1378,395,,,,,,209.03665777777778,150.5063936,,,,,,,191.5815822222222,137.9387392,,,,2025-03-27 02:49:28
1379,396,,5965.883076923077,1292.608,5965.883076923077,,165.01378723404255,31.65570612244898,165.01378723404255,,5036.352,1091.2096,5036.352,,139.30335319148935,26.723500408163265,139.30335319148935,,,2025-03-27 02:49:28
1382,399,2480.192888888889,1555.5216724738675,1415.0070364500793,2976.2314666666666,2480.192888888889,1555.5216724738675,1415.0070364500793,2976.2314666666666,2618.485777777778,1642.2558885017422,1493.9063074484945,3142.1829333333335,2618.485777777778,1642.2558885017422,1493.9063074484945,3142.1829333333335,,,2025-03-27 02:49:28
1384,401,89.08520103890818,78.43584969226568,575.0700430523925,121.37466666666667,23.839137997971743,21.22950432578757,59.79542477735431,33.10218181818182,144.2791507884781,127.03184875824911,931.3625213603672,196.57399466666666,38.609000661900026,34.38253290181375,96.84249468264697,53.61108945454546,,,2025-03-27 02:49:28
1394,421,2869.596416,1434.798208,1434.798208,,2608.7240145454543,1304.3620072727272,1304.3620072727272,,3252.845056,1626.422528,1626.422528,,2957.1318690909093,1478.5659345454546,1478.5659345454546,,,,2025-03-27 02:49:28
1395,412,1932.761693430657,1720.335800757986,6393.280128772636,1932.761693430657,1932.761693430657,1720.335800757986,6393.280128772636,1932.761693430657,2411.4757761557175,2146.4353957769354,7976.7931106639835,2411.4757761557175,2411.4757761557175,2146.4353957769354,7976.7931106639835,2411.4757761557175,4539.228891428572,5663.523108571429,2025-03-27 02:49:28
1398,415,177.2151925233645,103.61762622950819,193.49005714285715,,177.2151925233645,103.61762622950819,193.49005714285715,,133.25288971962618,77.91289180327868,145.4904,,133.25288971962618,77.91289180327868,145.4904,,,,2025-03-27 02:49:28
1400,417,,,193.53524,,,,193.53524,,,,172.66804,,,,172.66804,,,,2025-03-27 02:49:28
1404,432,,2.6391140675,4.2225825079999995,,,0.7540325907142856,1.4075275026666667,,,2.40978986,3.8556637759999997,,,0.6885113885714286,1.2852212586666667,,,,2025-03-27 02:49:28
1406,431,64.8986752,51.91894016,86.53156693333334,72.10963911111111,43.26578346666667,35.08036497297297,56.43363060869565,48.07309274074074,58.8388736,47.07109888,78.45183146666666,65.37652622222222,39.22591573333333,31.80479654054054,51.16423791304348,43.58435081481481,,,2025-03-27 02:49:28
1408,425,,17.39685,5.493742105263158,,,17.39685,5.493742105263158,,,12.052586666666667,3.80608,,,12.052586666666667,3.80608,,,,2025-03-27 02:49:28
1410,427,,,,,,,,,,,,,,,,,,,2025-03-27 02:49:28
1414,436,,,,,,,,,,,,,,,,,,,2025-03-27 02:49:28
1418,444,,1086.40768,776.0054857142857,,,905.3397333333334,639.0633411764705,,,1078.893056,770.6378971428571,,,899.0775466666666,634.6429741176471,,51733.69904761905,51375.85980952381,2025-03-27 02:49:28
1421,439,590.1778292777134,219.42563366123358,336.0392346602155,590.1778292777134,590.1778292777134,219.42563366123358,336.0392346602155,590.1778292777134,597.9675241405947,222.3218094349106,340.47458104244555,597.9675241405947,597.9675241405947,222.3218094349106,340.47458104244555,597.9675241405947,,,2025-03-27 02:49:28
1423,441,,,,,,,,,,,,,,,,,,,2025-03-27 02:49:28
1425,443,37.918128571428575,37.918128571428575,,,37.918128571428575,37.918128571428575,,,36.05862571428572,36.05862571428572,,,36.05862571428572,36.05862571428572,,,,,2025-03-27 02:49:28
1426,447,,,,,,,,,,,,,,,,,,,2025-03-27 02:49:28
1427,445,,,,,,,,,,,,,,,,,,,2025-03-27 02:49:28
1429,453,,,,,,,,,,,,,,,,,,,2025-03-27 02:49:28
1432,450,,,,,,,,,,,,,,,,,,,2025-03-27 02:49:28
1433,460,,,,,,,,,,,,,,,,,,,2025-03-27 02:49:28
1439,458,,,,,,,,,,,,,,,,,,,2025-03-27 02:49:28
1441,471,,,,,,,,,,,,,,,,,,,2025-03-27 02:49:28
1449,469,,261.4718790625,188.0247220224719,,,261.4718790625,188.0247220224719,,,252.58100375,181.6312835955056,,,252.58100375,181.6312835955056,,,,2025-03-27 02:49:28
1450,470,,3963.6016666666665,19025.288,,,3963.6016666666665,19025.288,,,3781.2213333333334,18149.8624,,,3781.2213333333334,18149.8624,,,,2025-03-27 02:49:28
1453,474,,160.84602680965148,264.2976563876652,,,160.84602680965148,264.2976563876652,,,120.44587667560322,197.91326872246697,,,120.44587667560322,197.91326872246697,,,,2025-03-27 02:49:28
1457,478,,,4.8986905499999995,,,,4.8986905499999995,,,,5.18003255,,,,5.18003255,,,,2025-03-27 02:49:28
1463,486,,30.625924,12.2503696,,,30.625924,12.2503696,,,21.613528,8.6454112,,,21.613528,8.6454112,,,,2025-03-27 02:49:28
1464,487,2362.6251052480093,3305.6770886636687,5741.581131266029,2362.6251052480093,2350.7843512958807,3304.789837213984,5726.227525171492,2350.7843512958807,2323.622524033388,3251.1064592254515,5646.798220564234,2323.622524033388,2311.9772390816665,3250.2338546601354,5631.698074177421,2311.9772390816665,75771.20452923077,74520.36174769231,2025-03-27 02:49:28
1470,493,,90.06827442827444,527.4501826231323,,,90.06827442827444,527.4501826231323,,,77.70317142317143,455.03871610403985,,,77.70317142317143,455.03871610403985,,,,2025-03-27 02:49:28
1474,497,,6.2784460776218,24.766117915309447,,,6.2784460776218,24.766117915309447,,,6.267887902559868,24.72446986970684,,,6.267887902559868,24.72446986970684,,,,2025-03-27 02:49:28
1475,501,,10.302468,4.292695,,,10.302468,4.292695,,,10.967416,4.569756666666667,,,10.967416,4.569756666666667,,,,2025-03-27 02:49:28
1477,18,,109.5,19.90909090909091,,,54.75,10.428571428571429,,,140.525,25.55,,,70.2625,13.383333333333333,,973.3333333333334,1249.111111111111,2025-03-27 02:49:28
1478,46,,,,,,,,,,,,,,,,,,,2025-03-27 02:49:28
1479,65,,,,,,,,,,,,,,,,,,,2025-03-27 02:49:28
1480,93,,,,,,,,,,,,,,,,,,,2025-03-27 02:49:28
1482,117,,,,,,,,,,,,,,,,,,,2025-03-27 02:49:28
1485,186,,,,,,,,,,,,,,,,,,,2025-03-27 02:49:28
1486,198,,,,,,,,,,,,,,,,,,,2025-03-27 02:49:28
1487,205,,,,,,,,,,,,,,,,,,,2025-03-27 02:49:28
1488,242,,,,,,,,,,,,,,,,,,,2025-03-27 02:49:28
1489,246,,,,,,,,,,,,,,,,,,,2025-03-27 02:49:28
1490,257,,,,,,,,,,,,,,,,,,,2025-03-27 02:49:28
1492,319,,,,,,,,,,,,,,,,,,,2025-03-27 02:49:28
1493,465,,,,,,,,,,,,,,,,,,,2025-03-27 02:49:28
1494,473,,,,,,,,,,,,,,,,,,,2025-03-27 02:49:28
1496,499,,,,,,,,,,,,,,,,,,,2025-03-27 02:49:28
1499,3,32.08733793103448,16.379873260687344,85.70696842105264,32.08733793103448,32.08733793103448,16.379873260687344,85.70696842105264,32.08733793103448,29.552512315270935,15.085901089689857,78.93631578947368,29.552512315270935,29.552512315270935,15.085901089689857,78.93631578947368,29.552512315270935,,,2025-03-27 02:49:28
1500,4,,64.86280253699789,479.37665,,,64.86280253699789,479.37665,,,65.4939467230444,484.0412,,,65.4939467230444,484.0412,,,,2025-03-27 02:49:28
1503,999,,,,,,,,,,,,,,,,,,,2025-03-27 02:49:28
1504,1,,,,,,,,,,,,,,,,,,,2025-03-27 05:34:49+0000
1505,2,,,,,,,,,,,,,,,,,,,2025-03-27 05:34:49+0000
1506,5,,38.991026740799995,75.38265169888,,,28.26849438708,53.844751213485715,,,34.24420161830344,66.20545646205333,,,24.82704617327,47.28961175860952,,,,2025-03-27 05:34:49+0000
1507,6,140.02062143643784,115.54059239779546,112.14132979827637,,140.02062143643784,115.54059239779546,112.14132979827637,,136.3826883405269,112.53868495949786,109.22773999337889,,136.3826883405269,112.53868495949786,109.22773999337889,,,,2025-03-27 05:34:49+0000
1508,8,621.9141287976,44.422437771257144,38.86963304985,621.9141287976,518.2617739980001,34.5507849332,32.73232256829474,518.2617739980001,593.8020155938001,42.414429685271436,37.112625974612506,593.8020155938001,494.8350129948334,32.98900086632223,31.252737662831585,494.8350129948334,6219.141287976,5938.020155938001,2025-03-27 05:34:49+0000
1509,9,,31.275745879000002,13.031560782916667,,,31.275745879000002,13.031560782916667,,,40.139266838859996,16.724694516191665,,,40.139266838859996,16.724694516191665,,,,2025-03-27 05:34:49+0000
1510,11,,,,,,,,,,,,,,,,,,,2025-03-27 05:34:49+0000
1511,12,,,,,,,,,,,,,,,,,,,2025-03-27 05:34:49+0000
1512,13,,,22.80606504832,,,,10.860030975390476,,,,23.15662004832,,,,11.026961927771428,,,,2025-03-27 05:34:49+0000
1513,14,,51.379257167333336,308.275543004,,,51.379257167333336,308.275543004,,,35.49855711636667,212.99134269820001,,,35.49855711636667,212.99134269820001,,,,2025-03-27 05:34:49+0000
1514,19,,41.70454452335819,112.85835074961403,,,4.90034354806932,11.20230908616108,,,40.665385757635335,110.04624128272368,,,4.778240908867073,10.923179369813235,,,,2025-03-27 05:34:49+0000
1515,20,,,,,,,,,,,,,,,,,,,2025-03-27 05:34:49+0000
1516,21,,157.6198362118919,41.656670998857145,,,157.6198362118919,41.656670998857145,,,131.08459254091892,34.64378517152857,,,131.08459254091892,34.64378517152857,,,,2025-03-27 05:34:49+0000
1517,22,,,68.59340023017671,,,,50.95443766677886,,,,64.28715592542818,,,,47.75555473827668,,,,2025-03-27 05:34:49+0000
1518,23,,74.93188326567657,102.73466348190045,,,21.219028625700936,32.85725127279306,,,54.21676919706272,74.33339849190047,,,15.35297295954206,23.773778678306805,,,,2025-03-27 05:34:49+0000
1519,24,,88.3681621052973,23.354442842114285,,,88.3681621052973,23.354442842114285,,,83.65057482491892,22.107651918014284,,,83.65057482491892,22.107651918014284,,,,2025-03-27 05:34:49+0000
1520,25,,133.90802119037198,75.79169760320107,,,133.90802119037198,75.79169760320107,,,120.97810714191215,68.47338965656172,,,120.97810714191215,68.47338965656172,,,,2025-03-27 05:34:49+0000
1521,27,,,1550.9770326960002,,,,1550.9770326960002,,,,1633.6239671347503,,,,1633.6239671347503,,,,2025-03-27 05:34:49+0000
1522,28,86.95504084966421,89.97636006562712,90.74538878413675,86.95504084966421,86.95504084966421,89.97636006562712,90.74538878413675,86.95504084966421,110.36614306915644,114.20089888766103,115.17697494652992,110.36614306915644,110.36614306915644,114.20089888766103,115.17697494652992,110.36614306915644,,,2025-03-27 05:34:49+0000
1523,33,,32.43020948649724,38.36514978467974,,,17.895938771512196,23.385927956398408,,,28.988068882016574,34.293074951928105,,,15.996464840381098,20.90374688304781,,,,2025-03-27 05:34:49+0000
1524,34,333.19657086944,239.27940457410415,10879.888028389878,333.19657086944,333.19657086944,239.27940457410415,10879.888028389878,333.19657086944,384.18613771925754,275.8966877696643,12544.853476547185,384.18613771925754,384.18613771925754,275.8966877696643,12544.853476547185,384.18613771925754,,,2025-03-27 05:34:49+0000
1525,35,,,,,,,,,,,,,,,,,,,2025-03-27 05:34:50+0000
1526,37,,33.991266150674036,40.21189002138562,,,18.757375528268295,24.51163017239841,,,33.216558968353596,39.295406361254905,,,18.32986943070732,23.952976785944223,,,,2025-03-27 05:34:50+0000
1527,40,,,,,,,,,,,,,,,,,,,2025-03-27 05:34:50+0000
1528,42,,,,,,,,,,,,,,,,,,,2025-03-27 05:34:50+0000
1529,43,,,,,,,,,,,,,,,,,,,2025-03-27 05:34:50+0000
1530,44,,76.03070197106173,114.89714290402985,,,76.03070197106173,114.89714290402985,,,74.36881160069136,112.3857040980597,,,74.36881160069136,112.3857040980597,,,,2025-03-27 05:34:50+0000
1531,45,,,,,,,,,,,,,,,,,,,2025-03-27 05:34:50+0000
1532,47,,,6.909125481227605,,,,6.909125481227605,,,,6.629883649933643,,,,6.629883649933643,,,,2025-03-27 05:34:50+0000
1533,50,,,,,,,,,,,,,,,,,,,2025-03-27 05:34:50+0000
1534,51,,,,,,,,,,,,,,,,,,,2025-03-27 05:34:50+0000
1535,52,,127.04775882270694,13.13679116209808,,,127.04775882270694,13.13679116209808,,,124.30292101510067,12.852973789902846,,,124.30292101510067,12.852973789902846,,,,2025-03-27 05:34:50+0000
1536,53,,15.632665894033059,41.848508256150446,,,15.632665894033059,41.848508256150446,,,17.00333130859504,45.51776744115045,,,17.00333130859504,45.51776744115045,,,,2025-03-27 05:34:50+0000
1537,54,,,93.8912424580465,,,,93.8912424580465,,,,69.01338392450232,,,,69.01338392450232,,,,2025-03-27 05:34:50+0000
1538,56,,4.378296796265061,6.489261323035715,,,4.275278048117647,6.375414633157895,,,5.336103440325301,7.908867599053571,,,5.210548065258823,7.77011553591228,,,,2025-03-27 05:34:50+0000
1539,57,,,50.88261691621196,,,,50.88261691621196,,,,49.97492122033397,,,,49.97492122033397,,,,2025-03-27 05:34:50+0000
1540,59,,,114.8122838464586,,,,114.8122838464586,,,,117.0764988122449,,,,117.0764988122449,,,,2025-03-27 05:34:50+0000
1541,60,,,768.7605713066667,,,,461.256342784,,,,688.1476913573334,,,,412.88861481440006,,,,2025-03-27 05:34:50+0000
1542,61,,307.36852564082193,205.8523153374312,,,15.936010207230114,95.8884716742735,,,307.51943716726026,205.9533845248624,,,15.943834455404831,95.93555091115385,,,,2025-03-27 05:34:50+0000
1543,64,,110.04490989228792,66.63937722996693,,,110.04490989228792,66.63937722996693,,,89.01150851070052,53.90227952623079,,,89.01150851070052,53.90227952623079,,,,2025-03-27 05:34:50+0000
1544,66,,,75.33572967338723,,,,75.33572967338723,,,,69.45879006026955,,,,69.45879006026955,,,,2025-03-27 05:34:50+0000
1545,67,14.6927976928,10.947574751498038,22.333052493055998,14.6927976928,14.6927976928,10.947574751498038,22.333052493055998,14.6927976928,13.55391959037105,10.098998910472547,20.601957777364,13.55391959037105,13.55391959037105,10.098998910472547,20.601957777364,13.55391959037105,,,2025-03-27 05:34:50+0000
1546,70,,256.9015580254237,8.315562706624606,,,256.9015580254237,8.315562706624606,,,228.25574230245763,7.3883356444081745,,,228.25574230245763,7.3883356444081745,,,,2025-03-27 05:34:50+0000
1547,71,,81.42622550776001,33.92759396156667,,,81.42622550776001,33.92759396156667,,,81.0381709383,33.765904557625,,,81.0381709383,33.765904557625,,,,2025-03-27 05:34:50+0000
1548,73,,20.328854073387095,14.161673624157302,,,20.328854073387095,14.161673624157302,,,18.624853147524192,12.974616799398875,,,18.624853147524192,12.974616799398875,,,,2025-03-27 05:34:50+0000
1549,74,,,4.3724865372,,,,4.3724865372,,,,5.88005252136,,,,5.88005252136,,,,2025-03-27 05:34:50+0000
1550,75,,,,,,,,,,,,,,,,,,,2025-03-27 05:34:50+0000
1551,76,,15.5951753405,6.2380701362,,,10.396783560333335,3.898793835125,,,11.259297261950001,4.50371890478,,,7.506198174633334,2.8148243154875003,,,,2025-03-27 05:34:50+0000
1552,77,,,60.48174479033138,,,,60.48174479033138,,,,60.42878433495127,,,,60.42878433495127,,,,2025-03-27 05:34:50+0000
1553,79,,7.710799721264368,25.261741346234313,,,7.322687909945422,24.443547294534415,,,7.372869178339719,24.154629985941423,,,7.00176660599151,23.372293792064777,,,,2025-03-27 05:34:50+0000
1554,82,,54.57783503456,27.28891751728,,,54.57783503456,27.28891751728,,,52.447925954460004,26.223962977230002,,,52.447925954460004,26.223962977230002,,,,2025-03-27 05:34:50+0000
1555,84,,2.075032962959172,67.16687087775883,,,2.075032962959172,67.16687087775883,,,1.742404745461524,56.40000744292326,,,1.742404745461524,56.40000744292326,,,,2025-03-27 05:34:50+0000
1556,85,,91.14248918609272,102.9935705676333,,,91.14248918609272,102.9935705676333,,,89.51645026559603,101.15610095494856,,,89.51645026559603,101.15610095494856,,,,2025-03-27 05:34:50+0000
1557,87,,,34.63781722305,,,,19.793038413171427,,,,34.63781722305,,,,19.793038413171427,,,,2025-03-27 05:34:50+0000
1558,90,,,,,,,,,,,,,,,,,,,2025-03-27 05:34:50+0000
1559,91,,,,,,,,,,,,,,,,,,,2025-03-27 05:34:50+0000
1560,92,,,,,,,,,,,,,,,,,,,2025-03-27 05:34:50+0000
1561,94,,,,,,,,,,,,,,,,,,,2025-03-27 05:34:50+0000
1562,96,,63.5232021736,23.8212008151,,,63.5232021736,23.8212008151,,,59.624313104366664,22.359117414137497,,,59.624313104366664,22.359117414137497,,,,2025-03-27 05:34:50+0000
1563,99,,46.166457576666666,17.31242159125,,,46.166457576666666,17.31242159125,,,48.08932653673333,18.033497451275,,,48.08932653673333,18.033497451275,,,,2025-03-27 05:34:50+0000
1564,101,,662.5033552335484,263.30261554153844,,,133.07302815706262,52.34733393094307,,,640.2251049109677,254.44843913128204,,,128.59813122401727,50.587030379541204,,,,2025-03-27 05:34:51+0000
1565,104,,,,,,,,,,,,,,,,,,,2025-03-27 05:34:51+0000
1566,105,,55.88236190021935,52.57974576540338,,,29.132021302453225,28.847148217148742,,,55.800154480927226,52.50239675832083,,,29.08916577150208,28.804711757267114,,,,2025-03-27 05:34:51+0000
1567,106,,422.91539787492957,207.79926123958478,,,422.91539787492957,207.79926123958478,,,380.72832545239436,187.07066510117647,,,380.72832545239436,187.07066510117647,,,,2025-03-27 05:34:51+0000
1568,108,,10.779937950131393,13.895708577123049,,,10.779937950131393,13.895708577123049,,,11.071248448151318,14.271217768796282,,,11.071248448151318,14.271217768796282,,,,2025-03-27 05:34:51+0000
1569,110,,15.785828182800001,7.892914091400001,,,15.785828182800001,7.892914091400001,,,12.63919882732,6.31959941366,,,12.63919882732,6.31959941366,,,,2025-03-27 05:34:51+0000
1570,111,,,31.787996106263737,,,,31.787996106263737,,,,22.212459156923078,,,,22.212459156923078,,,,2025-03-27 05:34:51+0000
1571,112,,64.45358419378486,,,,64.45358419378486,,,,59.783630147131475,,,,59.783630147131475,,,,,2025-03-27 05:34:51+0000
1572,113,113.991547688832,70.62673338837175,532.6707835926729,,52.87177536587755,34.4802019627441,266.33539179633647,,109.32542099943399,67.73570074314374,510.86645326838317,,50.70752365465398,33.06879038095402,255.43322663419158,,,,2025-03-27 05:34:51+0000
1573,115,,5.590858111917578,45.53102941828767,,,3.4054970773924182,31.063225677897197,,,4.876779640740117,39.715691731780815,,,2.9705384184631143,27.09575230299065,,,,2025-03-27 05:34:51+0000
1574,118,,,,,,,,,,,,,,,,,,,2025-03-27 05:34:51+0000
1575,119,,208.21044794791297,838.9258633225975,,,94.89135729098788,272.5624112904641,,,208.21044794791297,838.9258633225975,,,94.89135729098788,272.5624112904641,,,,2025-03-27 05:34:51+0000
1576,120,,,17.558234551917526,,,,6.639956146339182,,,,17.307960869224228,,,,6.545310738069201,,,,2025-03-27 05:34:51+0000
1577,122,,,,,,,,,,,,,,,,,,,2025-03-27 05:34:51+0000
1578,123,,112.934658578,,,,112.934658578,,,,41.00743312299999,,,,41.00743312299999,,,,,2025-03-27 05:34:51+0000
1579,124,,51.97402916267884,133.38647328078125,,,44.63651916324183,125.08035589699632,,,47.11215572278538,120.90893089792968,,,40.46102785603921,113.37980333285714,,,,2025-03-27 05:34:51+0000
1580,126,,5.20072040018,12.68468390287805,5.20072040018,,5.20072040018,12.68468390287805,5.20072040018,,5.20072040018,12.68468390287805,5.20072040018,,5.20072040018,12.68468390287805,5.20072040018,,,2025-03-27 05:34:51+0000
1581,127,392.1397787648743,1251.4584297619754,15595.097355495383,392.1397787648743,392.1397787648743,51.508197566422766,75.42271786511904,392.1397787648743,388.69118954500965,1240.4527468812962,15457.949614982306,388.69118954500965,388.69118954500965,51.0552197649314,74.7594289415067,388.69118954500965,,,2025-03-27 05:34:51+0000
1582,130,,,35.39589837945946,,,,24.103955338159512,,,,34.54821849162162,,,,23.52670093601227,,,,2025-03-27 05:34:51+0000
1583,133,,739.18765428608,1231.9794238101333,,,739.18765428608,1231.9794238101333,,,702.6882771343201,1171.1471285572,,,702.6882771343201,1171.1471285572,,,,2025-03-27 05:34:51+0000
1584,134,26.89699732248421,22.219258657704348,113.56509980604444,,26.89699732248421,22.219258657704348,113.56509980604444,,24.393850119852633,20.15144140335652,102.9962560616,,24.393850119852633,20.15144140335652,102.9962560616,,,,2025-03-27 05:34:51+0000
1585,136,,,,,,,,,,,,,,,,,,,2025-03-27 05:34:51+0000
1586,138,,,11.355313832084507,,,,11.355313832084507,,,,11.254652210704226,,,,11.254652210704226,,,,2025-03-27 05:34:51+0000
1587,141,,743.387493888,331.2122497520792,,,743.387493888,66.7713317863473,,,638.0071241775556,284.2605998810891,,,638.0071241775556,57.306029117744515,,,,2025-03-27 05:34:51+0000
1588,142,,2.916546750989474,25.188358304,,,2.916546750989474,25.188358304,,,2.9560624176052634,25.529629970227276,,,2.9560624176052634,25.529629970227276,,,,2025-03-27 05:34:51+0000
1589,143,,168.321867969771,40.34796835139982,,,168.321867969771,39.44573292314848,,,166.62505332213743,39.941229616102476,,,166.62505332213743,39.04808941896244,,,,2025-03-27 05:34:51+0000
1590,145,,6.167630655752475,14.157515823431819,,,6.167630655752475,14.157515823431819,,,6.169846441019803,14.162602057795455,,,6.169846441019803,14.162602057795455,,,,2025-03-27 05:34:51+0000
1591,146,,,54.188749833399996,,,,54.188749833399996,,,,54.188749833399996,,,,54.188749833399996,,,,2025-03-27 05:34:51+0000
1592,148,,,523.636062592,,,,523.636062592,,,,522.439758599,,,,522.439758599,,,,2025-03-27 05:34:51+0000
1593,149,,117.79523159875485,83.74377460824343,,,117.79523159875485,83.74377460824343,,,107.61140424466926,76.50381989178423,,,107.61140424466926,76.50381989178423,,,,2025-03-27 05:34:51+0000
1594,152,52.61302020923077,28.49871928,11.212610864262295,,52.61302020923077,28.49871928,11.212610864262295,,153.94273887946156,83.385650226375,32.8074689415246,,153.94273887946156,83.385650226375,32.8074689415246,,,,2025-03-27 05:34:51+0000
1595,154,,13.726598746628175,97.43634848016394,17.378997828333333,,13.726598746628175,97.43634848016394,17.378997828333333,,13.37155372808314,94.91611088950819,16.929481766842105,,13.37155372808314,94.91611088950819,16.929481766842105,,,2025-03-27 05:34:51+0000
1596,158,,7.5879338705625,20.2344903215,12.1406941929,,7.5879338705625,20.2344903215,12.1406941929,,7.7407898727625,20.64210632736667,12.38526379642,,7.7407898727625,20.64210632736667,12.38526379642,,,2025-03-27 05:34:51+0000
1597,159,,340.239147904,1020.717443712,510.358721856,,340.239147904,1020.717443712,510.358721856,,340.239147904,1020.717443712,510.358721856,,340.239147904,1020.717443712,510.358721856,,,2025-03-27 05:34:51+0000
1598,160,156.16927679127977,110.28448928043986,324.1695594000808,156.16927679127977,156.16927679127977,110.28448928043986,324.1695594000808,156.16927679127977,129.26917019273964,91.28802224951203,268.33145933947475,129.26917019273964,129.26917019273964,91.28802224951203,268.33145933947475,129.26917019273964,,,2025-03-27 05:34:51+0000
1599,161,,11.6043169985,23.208633997,,,11.6043169985,23.208633997,,,20.9879942718,41.9759885436,,,20.9879942718,41.9759885436,,,,2025-03-27 05:34:51+0000
1600,165,14.027577585979381,18.63938391561644,19.134492550875,14.027577585979381,14.027577585979381,18.63938391561644,19.134492550875,14.027577585979381,13.819343097353952,18.362688773196346,18.850447693734374,13.819343097353952,13.819343097353952,18.362688773196346,18.850447693734374,13.819343097353952,,,2025-03-27 05:34:51+0000
1601,166,,62.433214500999995,13.378545964499999,93.6498217515,,62.433214500999995,13.378545964499999,93.6498217515,,53.94060830813333,11.558701780314285,80.91091246219999,,53.94060830813333,11.558701780314285,80.91091246219999,,,2025-03-27 05:34:51+0000
1602,167,,117.0949305909091,107.33701970833334,,,117.0949305909091,107.33701970833334,,,114.91637467477274,105.34001011854167,,,114.91637467477274,105.34001011854167,,,,2025-03-27 05:34:51+0000
1603,168,2252.7786076,270.333432912,150.18524050666667,2252.7786076,2252.7786076,270.333432912,150.18524050666667,2252.7786076,2229.2786076,267.513432912,148.61857384,2229.2786076,2229.2786076,267.513432912,148.61857384,2229.2786076,,,2025-03-27 05:34:51+0000
1604,170,7.419005798000001,4.838482042173913,7.419005798000001,9.2737572475,7.419005798000001,4.838482042173913,7.419005798000001,9.2737572475,11.721271494633335,7.644307496500001,11.721271494633335,14.651589368291669,11.721271494633335,7.644307496500001,11.721271494633335,14.651589368291669,,,2025-03-27 05:34:52+0000
1605,171,,4.354059613625,1.2440170324642859,6.966495381800001,,3.4832476909000003,1.1236282873870969,6.966495381800001,,4.2301743530125,1.2086212437178572,6.76827896482,,3.38413948241,1.091657897551613,6.76827896482,,,2025-03-27 05:34:52+0000
1606,173,,7.6957286566750005,3.07829146267,,,3.07829146267,1.7101619237055556,,,7.6957286566750005,3.07829146267,,,3.07829146267,1.7101619237055556,,,,2025-03-27 05:34:52+0000
1607,174,,23.085284258523945,38.11756238035349,,,17.436757259097874,26.436373908954838,,,21.95037478950986,36.24364209430697,,,16.579538404842552,25.13671951701935,,,,2025-03-27 05:34:52+0000
1608,175,,225.6544690076,150.43631267173333,,,225.6544690076,150.43631267173333,,,218.17235717488748,145.44823811659165,,,218.17235717488748,145.44823811659165,,,,2025-03-27 05:34:52+0000
1609,176,,56.21725456976,28.10862728488,,,40.15518183554286,18.73908485658667,,,51.100747296120005,25.550373648060003,,,36.50053378294286,17.03358243204,,,,2025-03-27 05:34:52+0000
1610,177,,11.644658088888889,32.246745476923074,,,11.644658088888889,32.246745476923074,,,11.410509745458334,31.59833467973077,,,11.410509745458334,31.59833467973077,,,,2025-03-27 05:34:52+0000
1611,178,,565.2056847867194,1071.1388633036704,,,565.2056847867194,1071.1388633036704,,,536.1033070255337,1015.9860425277903,,,536.1033070255337,1015.9860425277903,,,,2025-03-27 05:34:52+0000
1612,179,125.07849514592,62.53924757296,41.69283171530667,156.3481189324,125.07849514592,52.11603964413334,34.74402642942223,156.3481189324,85.25162188976002,42.62581094488001,28.41720729658667,106.56452736220002,85.25162188976002,35.52150912073334,23.681006080488892,106.56452736220002,,,2025-03-27 05:34:52+0000
1613,180,,3.5683834782000003,1.5293072049428573,,,2.67628760865,1.1894611594000002,,,3.5470393527666664,1.5201597226142858,,,2.660279514575,1.1823464509222221,,,,2025-03-27 05:34:52+0000
1614,182,,5.257055006885965,10.70186197830357,,,5.257055006885965,10.70186197830357,,,4.7961908035350875,9.763674135767856,,,4.7961908035350875,9.763674135767856,,,,2025-03-27 05:34:52+0000
1615,183,,34.677200311145036,66.80460648176471,,,34.677200311145036,66.80460648176471,,,33.4349002909542,64.41135203110294,,,33.4349002909542,64.41135203110294,,,,2025-03-27 05:34:52+0000
1616,184,,50.33718405248208,14.864866779638321,,,50.33718405248208,14.864866779638321,,,47.59380456736808,14.054730667739516,,,47.59380456736808,14.054730667739516,,,,2025-03-27 05:34:52+0000
1617,185,16.8527984141,,9.798138612848838,12.84022736312381,16.8527984141,67.4111936564,8.55472000715736,12.84022736312381,16.505762986300002,,9.596373829244186,12.575819418133333,16.505762986300002,66.02305194520001,8.378559891522842,12.575819418133333,,,2025-03-27 05:34:52+0000
1618,187,,13.633376079166666,5.8428754625,,,13.633376079166666,5.8428754625,,,12.809719062266666,5.489879598114285,,,12.809719062266666,5.489879598114285,,,,2025-03-27 05:34:52+0000
1619,188,,16.774024391076924,76.0682501455814,,,16.774024391076924,76.0682501455814,,,15.951268809880341,72.33714925410852,,,15.951268809880341,72.33714925410852,,,,2025-03-27 05:34:52+0000
1620,190,,24.225245153165353,20.929293431646258,,,24.225245153165353,20.929293431646258,,,22.328775174417324,19.290846579258503,,,22.328775174417324,19.290846579258503,,,,2025-03-27 05:34:52+0000
1621,191,,28.46576711,12.65145204888889,,,28.46576711,12.65145204888889,,,28.46576711,12.65145204888889,,,28.46576711,12.65145204888889,,,,2025-03-27 05:34:52+0000
1622,192,,49.040975190476196,149.79788785454548,,,34.61715895798319,104.28966875949368,,,45.84059249917858,140.02217345203638,,,32.35806529353782,97.4837916438228,,,,2025-03-27 05:34:52+0000
1623,193,,528.7333426250001,117.49629836111112,,,528.7333426250001,117.49629836111112,,,400.63339430300005,89.02964317844446,,,400.63339430300005,89.02964317844446,,,,2025-03-27 05:34:52+0000
1624,195,137.15944587328767,45.77206650857143,160.20223278,,137.15944587328767,45.77206650857143,160.20223278,,135.26288209621578,45.139156082394294,157.98704628838001,,135.26288209621578,45.139156082394294,157.98704628838001,,,,2025-03-27 05:34:52+0000
1625,196,,26.644492171276596,20.8715188675,,,26.644492171276596,20.8715188675,,,21.183382291702127,16.593649461833333,,,21.183382291702127,16.593649461833333,,,,2025-03-27 05:34:52+0000
1626,197,,,184.60385643181817,,,,184.60385643181817,,,,198.80811132848487,,,,198.80811132848487,,,,2025-03-27 05:34:52+0000
1627,199,,,42.98254612937143,,,,42.98254612937143,,,,42.31261749582857,,,,42.31261749582857,,,,2025-03-27 05:34:52+0000
1628,200,,17.08035418125,6.832141672500001,,,17.08035418125,6.832141672500001,,,16.749942071550002,6.6999768286200005,,,16.749942071550002,6.6999768286200005,,,,2025-03-27 05:34:52+0000
1629,202,,,90.863996222,363.455984888,,,83.87445805107691,363.455984888,,,90.42171266366667,361.68685065466667,,,83.46619630492309,361.68685065466667,,,2025-03-27 05:34:52+0000
1630,209,,87.61017275639999,17.52203455128,,,87.61017275639999,17.52203455128,,,83.2116189494,16.64232378988,,,83.2116189494,16.64232378988,,,,2025-03-27 05:34:52+0000
1631,210,,85.0426238032,17.00852476064,,,85.0426238032,17.00852476064,,,83.753268491,16.750653698199997,,,83.753268491,16.750653698199997,,,,2025-03-27 05:34:52+0000
1632,211,,14.577181978629962,56.92389562655,,,14.577181978629962,56.92389562655,,,15.992810146312422,62.451923621350005,,,15.992810146312422,62.451923621350005,,,,2025-03-27 05:34:52+0000
1633,212,,32.166448430703625,134.69700280357142,,,32.166448430703625,134.69700280357142,,,31.848724513475474,133.36653390017855,,,31.848724513475474,133.36653390017855,,,,2025-03-27 05:34:52+0000
1634,213,,34.019631008299996,11.339877002766666,,,34.019631008299996,11.339877002766666,,,33.5892546348,11.1964182116,,,33.5892546348,11.1964182116,,,,2025-03-27 05:34:52+0000
1635,214,,,,,,,,,,,,,,,,,,,2025-03-27 05:34:52+0000
1636,215,,0.19637688823770494,0.2348821604411765,,,0.19637688823770494,0.2348821604411765,,,0.19347130450000002,0.2314068544019608,,,0.19347130450000002,0.2314068544019608,,,,2025-03-27 05:34:52+0000
1637,216,,77.09997608444444,30.70353029911504,433.687365475,,30.43420108596491,12.945891506716418,433.687365475,,67.35084522364443,26.82113305366371,378.8485043829999,,26.58585995670175,11.308910578597013,378.8485043829999,,,2025-03-27 05:34:52+0000
1638,218,,,30.7218759901,,,,30.7218759901,,,,30.7218759901,,,,30.7218759901,,,,2025-03-27 05:34:52+0000
1639,220,,23.865058984853334,39.77509830808889,,,23.865058984853334,39.77509830808889,,,23.201802692764446,38.66967115460741,,,23.201802692764446,38.66967115460741,,,,2025-03-27 05:34:52+0000
1640,222,,,41.919181806960005,,,,41.919181806960005,,,,36.40155968678,,,,36.40155968678,,,,2025-03-27 05:34:52+0000
1641,223,,120.722939013,24.1445878026,,,120.722939013,17.246134144714286,,,116.41381879759999,23.282763759519998,,,116.41381879759999,16.630545542514284,,,,2025-03-27 05:34:52+0000
1642,227,,,35.318276028,,,,35.318276028,,,,35.071671803259996,,,,35.071671803259996,,,,2025-03-27 05:34:52+0000
1643,228,,15.45529407996,25.7588234666,,,15.45529407996,25.7588234666,,,11.35603431642,18.9267238607,,,11.35603431642,18.9267238607,,,,2025-03-27 05:34:52+0000
1644,230,,54.8681050779987,205.45502120447688,,,54.8681050779987,205.45502120447688,,,54.19090661905134,202.91923427425792,,,54.19090661905134,202.91923427425792,,,,2025-03-27 05:34:52+0000
1645,231,,,411.45781757080005,,,,411.45781757080005,,,,355.2591957004,,,,355.2591957004,,,,2025-03-27 05:34:53+0000
1646,232,64.71507234696,43.14338156464,129.43014469392,64.71507234696,64.71507234696,43.14338156464,129.43014469392,64.71507234696,89.78750211246,59.85833474164,179.57500422492,89.78750211246,89.78750211246,59.85833474164,179.57500422492,89.78750211246,,,2025-03-27 05:34:53+0000
1647,233,,,16.279837299900002,,,,16.279837299900002,,,,15.936188233400001,,,,15.936188233400001,,,,2025-03-27 05:34:53+0000
1648,234,,3.137612730325,8.366967280866668,,,3.137612730325,8.366967280866668,,,4.003872696375001,10.676993857000001,,,4.003872696375001,10.676993857000001,,,,2025-03-27 05:34:53+0000
1649,237,,230.10011403626666,345.1501710544,,,230.10011403626666,345.1501710544,,,215.52492287189997,323.28738430784995,,,215.52492287189997,323.28738430784995,,,,2025-03-27 05:34:53+0000
1650,239,5.1864712254124905,5.1864712254124905,3.330125336316832,,5.1864712254124905,5.1864712254124905,3.330125336316832,,6.944757804101773,6.944757804101773,4.459084590059406,,6.944757804101773,6.944757804101773,4.459084590059406,,,,2025-03-27 05:34:53+0000
1651,240,,8.404626236,2.801542078666667,,,8.404626236,2.801542078666667,,,8.78179186605,2.9272639553500004,,,8.78179186605,2.9272639553500004,,,,2025-03-27 05:34:53+0000
1652,243,272.2269908,119.779875952,119.779875952,,272.2269908,119.779875952,119.779875952,,286.4365783818182,126.03209448800001,126.03209448800001,,286.4365783818182,126.03209448800001,126.03209448800001,,,,2025-03-27 05:34:53+0000
1653,244,78.26618848305198,78.26618848305198,1578.1172812399998,,43.430589375220954,43.430589375220954,841.6625499946666,,87.65176784404387,87.65176784404387,1767.3630497015386,,48.638729073553854,48.638729073553854,942.5936265074872,,,,2025-03-27 05:34:53+0000
1654,247,,,0.38855925180833334,,,,0.38855925180833334,,,,-0.1819146746666667,,,,-0.1819146746666667,,,,2025-03-27 05:34:53+0000
1655,250,,32.062291187013955,977.7861851358866,,,32.062291187013955,977.7861851358866,,,31.1817703989907,950.9334235153192,,,31.1817703989907,950.9334235153192,,,,2025-03-27 05:34:53+0000
1656,251,,72.76655333867924,71.25408456258661,,,70.28022463690205,68.86834512410715,,,68.19138727698115,66.77401433127021,,,65.8613854338041,64.53827724428572,,,,2025-03-27 05:34:53+0000
1657,252,,,,,,,,,,,,,,,,,,,2025-03-27 05:34:53+0000
1658,254,,,,,,,,,,,,,,,,,,,2025-03-27 05:34:53+0000
1659,258,,,,,,,,,,,,,,,,,,,2025-03-27 05:34:53+0000
1660,259,,,,,,,,,,,,,,,,,,,2025-03-27 05:34:53+0000
1661,263,,,,,,,,,,,,,,,,,,,2025-03-27 05:34:53+0000
1662,264,,38.84195906963333,93.22070176712,,,38.84195906963333,93.22070176712,,,38.11295891383334,91.47110139320002,,,38.11295891383334,91.47110139320002,,,,2025-03-27 05:34:53+0000
1663,265,,3.9609000163432837,4.162828252470589,,,2.3962103936343113,2.940501951191136,,,3.8644346053731344,4.061444997019608,,,2.3378520863205416,2.8688877402770085,,,,2025-03-27 05:34:53+0000
1664,267,,,,,,,,,,,,,,,,,,,2025-03-27 05:34:53+0000
1665,268,,,,,,,,,,,,,,,,,,,2025-03-27 05:34:53+0000
1666,269,,,,,,,,,,,,,,,,,,,2025-03-27 05:34:53+0000
1667,271,,815.2364481355932,11.777411958863858,,,815.2364481355932,11.777411958863858,,,739.5572087491527,10.684102672918709,,,739.5572087491527,10.684102672918709,,,,2025-03-27 05:34:53+0000
1668,273,,,,,,,,,,,,,,,,,,,2025-03-27 05:34:53+0000
1669,275,,,,,,,,,,,,,,,,,,,2025-03-27 05:34:53+0000
1670,276,,132.1727479876261,101.10127379506173,,,132.1727479876261,101.10127379506173,,,124.41095673316745,95.1641423159568,,,124.41095673316745,95.1641423159568,,,,2025-03-27 05:34:53+0000
1671,279,,,,,,0.07940561527,0.03355190470496271,,,,,,,0.07940561527,0.03355190470496271,,,,2025-03-27 05:34:53+0000
1672,280,49.52771449625283,13.831126826123135,51.91035691287067,,49.52771449625283,13.831126826123135,51.91035691287067,,52.61957266796088,14.69456021763396,55.150955895678244,,52.61957266796088,14.69456021763396,55.150955895678244,,,,2025-03-27 05:34:53+0000
1673,284,,176.9235988759149,997.84909766016,,,38.826813138527626,285.09974218861714,,,174.18381514066667,982.3967173933601,,,38.225553205967316,280.6847763981029,,,,2025-03-27 05:34:53+0000
1674,285,,,,,,,0.7727629216957329,,,,,,,,0.732920375293321,,,,2025-03-27 05:34:53+0000
1675,286,,4693.06487804,1564.3549593466666,,,3610.0499061846153,45.56373668,,,4852.259685861,1617.4198952870001,,,3732.507450662308,47.109317338456314,,,,2025-03-27 05:34:53+0000
1676,287,,,65.56902113604241,,,,65.56902113604241,,,,61.763467901236744,,,,61.763467901236744,,,,2025-03-27 05:34:53+0000
1677,288,,14.491663256,6.210712824000001,,,14.491663256,6.210712824000001,,,1.4792369335000015,0.6339586857857149,,,1.4792369335000015,0.6339586857857149,,,,2025-03-27 05:34:53+0000
1678,289,,8.5895369874,3.43581479496,,,5.7263579916000005,2.4541534249714285,,,6.2564532404,2.50258129616,,,4.170968826933334,1.7875580686857142,,,,2025-03-27 05:34:53+0000
1679,290,,7.673066561293334,4.603839936776001,,,6.770352848200001,4.110571372121429,,,8.31849206806,4.991095240836,,,7.339845942405882,4.456335036460714,,,,2025-03-27 05:34:53+0000
1680,291,,43.80908737926667,16.428407767225,,,43.80908737926667,16.428407767225,,,40.92708357996667,15.3476563424875,,,40.92708357996667,15.3476563424875,,,,2025-03-27 05:34:53+0000
1681,292,,,,,,,,,,,,,,,,,,,2025-03-27 05:34:53+0000
1682,293,,27.258315468000003,10.095672395555557,,,27.258315468000003,10.095672395555557,,,26.3478399998,9.758459259185186,,,26.3478399998,9.758459259185186,,,,2025-03-27 05:34:53+0000
1683,294,,176.1434691364486,52.79370083361344,,,56.76913011325301,17.025610837940377,,,162.60903201869158,48.737160857142854,,,52.407127789156625,15.717404178861788,,,,2025-03-27 05:34:53+0000
1684,296,261.0663852872,111.56683131931624,621.5866316361904,223.13366263863247,261.0663852872,111.56683131931624,621.5866316361904,223.13366263863247,220.30384988719996,94.1469443962393,524.5329759219047,188.2938887924786,220.30384988719996,94.1469443962393,524.5329759219047,188.2938887924786,,,2025-03-27 05:34:54+0000
1685,297,,25.864210054173913,17.24280670278261,,,11.897536624919999,7.93169108328,,,25.864210054173913,17.24280670278261,,,11.897536624919999,7.93169108328,,,,2025-03-27 05:34:54+0000
1686,298,,177.62648024773335,313.4584945548236,,,177.62648024773335,313.4584945548236,,,160.20177238443335,282.7090100901765,,,160.20177238443335,282.7090100901765,,,,2025-03-27 05:34:54+0000
1687,300,,,,,,,,,,,,,,,,,,,2025-03-27 05:34:54+0000
1688,301,,,,,,,,,,,,,,,,,,,2025-03-27 05:34:54+0000
1689,302,50.92781456290909,26.67647429485714,,,50.92781456290909,26.67647429485714,,,50.92781456290909,26.67647429485714,,,50.92781456290909,26.67647429485714,,,,,2025-03-27 05:34:54+0000
1690,303,,21.155859718168113,,,,9.6993642561701,,,,20.831397390504346,,,,9.550607441493687,,,,,2025-03-27 05:34:54+0000
1691,304,,,,,,,,,,,,,,,,,,,2025-03-27 05:34:54+0000
1692,306,,6.970446837760001,3.4852234188800004,,,6.970446837760001,3.4852234188800004,,,6.970446837760001,3.4852234188800004,,,6.970446837760001,3.4852234188800004,,,,2025-03-27 05:34:54+0000
1693,307,299.17801721361707,24.47157467636617,351.534170226,,299.17801721361707,24.47157467636617,351.534170226,,239.6552699370213,19.60285013407588,281.594942176,,239.6552699370213,19.60285013407588,281.594942176,,,,2025-03-27 05:34:54+0000
1694,308,,25.4933060985,15.2959836591,,,25.4933060985,15.2959836591,,,49.76057646593333,29.856345879560003,,,49.76057646593333,29.856345879560003,,,,2025-03-27 05:34:54+0000
1695,309,,,36.61340007328,,,,36.61340007328,,,,36.61340007328,,,,36.61340007328,,,,2025-03-27 05:34:54+0000
1696,310,,,21.485433219020003,,,,21.485433219020003,,,,21.485433219020003,,,,21.485433219020003,,,,2025-03-27 05:34:54+0000
1697,311,,,,,,,,,,,,,,,,,,,2025-03-27 05:34:54+0000
1698,317,,,,,,,,,,,,,,,,,,,2025-03-27 05:34:54+0000
1699,320,,,,,,,,,,,,,,,,,,,2025-03-27 05:34:54+0000
1700,322,,,,,,,,,,,,,,,,,,,2025-03-27 05:34:54+0000
1701,323,,11.856432967636364,31.052562534285713,,,11.856432967636364,31.052562534285713,,,50.30461478581818,131.75018158190477,,,50.30461478581818,131.75018158190477,,,,2025-03-27 05:34:54+0000
1702,325,,,,,,,,,,,,,,,,,,,2025-03-27 05:34:54+0000
1703,326,,,,,,,,,,,,,,,,,,,2025-03-27 05:34:54+0000
1704,328,,,7.532298496761904,,,,6.037338489770993,,,,9.952035433419047,,,,7.976822293961831,,,,2025-03-27 05:34:54+0000
1705,329,,,,,,,,,,,,,,,,,,,2025-03-27 05:34:54+0000
1706,331,,,,,,,,,,,,,,,,,,,2025-03-27 05:34:54+0000
1707,332,,,,,,,,,,,,,,,,,,,2025-03-27 05:34:54+0000
1708,333,,,0.8572120007148594,,,,0.4027279022226415,,,,0.7532238723413655,,,,0.35387310228867924,,,,2025-03-27 05:34:54+0000
1709,335,,82.85530641150906,162.92418313163208,,,82.85530641150906,162.92418313163208,,,76.16504358748995,149.76865148558855,,,76.16504358748995,149.76865148558855,,,,2025-03-27 05:34:54+0000
1710,337,,,,,,,,,,,,,,,,,,,2025-03-27 05:34:54+0000
1711,338,,,,,,,,,,,,,,,,,,,2025-03-27 05:34:54+0000
1712,339,,,,,,,,,,,,,,,,,,,2025-03-27 05:34:54+0000
1713,340,,,,,,,,,,,,,,,,,,,2025-03-27 05:34:54+0000
1714,341,,,,,,,,,,,,,,,,,,,2025-03-27 05:34:54+0000
1715,342,,,,,,,,,,,,,,,,,,,2025-03-27 05:34:54+0000
1716,344,,,,,,,,,,,,,,,,,,,2025-03-27 05:34:54+0000
1717,345,,,,,,,,,,,,,,,,,,,2025-03-27 05:34:54+0000
1718,346,,,,,,,,,,,,,,,,,,,2025-03-27 05:34:54+0000
1719,347,,,,,,,,,,,,,,,,,,,2025-03-27 05:34:54+0000
1720,348,,,,,,,,,,,,,,,,,,,2025-03-27 05:34:54+0000
1721,349,,,,,,,,,,,,,,,,,,,2025-03-27 05:34:54+0000
1722,351,,12.785018648301888,18.822388565555556,,,10.841695813760001,15.40013609909091,,,12.508626534962264,18.41547795425,,,10.607315301648,15.067209235295454,,,,2025-03-27 05:34:54+0000
1723,352,,2.3646528181818183,2.4247711101694915,,,1.7236324759036146,1.8579415000000001,,,2.870033765652893,2.9430007257966104,,,2.092012564120482,2.255026530155844,,,,2025-03-27 05:34:55+0000
1724,354,27.131788483333334,16.012203039344264,162.7907309,,27.131788483333334,16.012203039344264,162.7907309,,27.788218301055554,16.3996042432459,166.72930980633333,,27.788218301055554,16.3996042432459,166.72930980633333,,,,2025-03-27 05:34:55+0000
1725,355,,17.38060381446281,28.808946048630137,,,17.38060381446281,28.808946048630137,,,17.374522119785123,28.798865431424655,,,17.374522119785123,28.798865431424655,,,,2025-03-27 05:34:55+0000
1726,356,,115.7210029289,77.14733528593334,,,115.7210029289,77.14733528593334,,,113.79350292890001,75.86233528593334,,,113.79350292890001,75.86233528593334,,,,2025-03-27 05:34:55+0000
1727,357,,54.649561392,18.352464646567164,,,54.649561392,18.352464646567164,,,43.36982950008889,14.564494981373135,,,43.36982950008889,14.564494981373135,,,,2025-03-27 05:34:55+0000
1728,358,,,32.0909685426,,,,4.390009376552667,,,,31.6082543076,,,,4.3239745974829,,,,2025-03-27 05:34:55+0000
1729,360,,,,,,,,,,,,,,,,,,,2025-03-27 05:34:55+0000
1730,361,,,,,,,,,,,,,,,,,,,2025-03-27 05:34:55+0000
1731,362,,,,,,,,,,,,,,,,,,,2025-03-27 05:34:55+0000
1732,363,,,,,,,,,,,,,,,,,,,2025-03-27 05:34:55+0000
1733,364,,41.33702702686567,55.391616215999996,,,17.418747237735847,24.083311398260868,,,38.12717926567164,51.090420216,,,16.066169879245283,22.213226180869565,,,,2025-03-27 05:34:55+0000
1734,365,,,,,,,,,,,,,,,,,,,2025-03-27 05:34:55+0000
1735,366,,,,,,,,,,,,,,,,,,,2025-03-27 05:34:55+0000
1736,368,,,,,,,,,,,,,,,,,,,2025-03-27 05:34:55+0000
1737,369,,19.543126752085715,78.17250700834286,,,19.543126752085715,78.17250700834286,,,19.274302147957144,77.09720859182858,,,19.274302147957144,77.09720859182858,,,,2025-03-27 05:34:55+0000
1738,371,,,10.957771915294119,,,,10.957771915294119,,,,6.747234364576471,,,,6.747234364576471,,,,2025-03-27 05:34:55+0000
1739,372,,4.12148635276,2.06074317638,,,4.12148635276,2.06074317638,,,3.505958980833334,1.752979490416667,,,3.505958980833334,1.752979490416667,,,,2025-03-27 05:34:55+0000
1740,375,210.59170959,105.295854795,35.098618265,,210.59170959,105.295854795,35.098618265,,252.05810334120002,126.02905167060001,42.0096838902,,252.05810334120002,126.02905167060001,42.0096838902,,,,2025-03-27 05:34:55+0000
1741,376,,69.33896688091666,14.470740914278261,,,69.33896688091666,14.470740914278261,,,60.329931241666664,12.590594346086956,,,60.329931241666664,12.590594346086956,,,,2025-03-27 05:34:55+0000
1742,379,30.75058630004124,17.702117929400593,24.15228235711741,,28.340207801463183,14.80301176726551,20.96876535046749,,38.906826610092786,22.397401668718103,30.55839822817004,,35.857122861558196,18.729340849523574,26.530489850115995,,,,2025-03-27 05:34:55+0000
1743,380,,,,,,,,,,,,,,,,,,,2025-03-27 05:34:55+0000
1744,381,,,,,,,,,,,,,,,,,,,2025-03-27 05:34:55+0000
1745,382,,231.87997369457779,288.0717464610552,,,231.87997369457779,288.0717464610552,,,223.16060636917285,277.2394036181442,,,223.16060636917285,277.2394036181442,,,,2025-03-27 05:34:55+0000
1746,383,19.81552847112903,10.683154480086957,20.476046086833335,,19.81552847112903,10.683154480086957,20.476046086833335,,28.673650748290324,15.458837794730437,29.62943910656667,,28.673650748290324,15.458837794730437,29.62943910656667,,,,2025-03-27 05:34:55+0000
1747,384,,,13.874221970625001,,,,13.874221970625001,,,,11.48837794335,,,,11.48837794335,,,,2025-03-27 05:34:55+0000
1748,386,,,26.744649923076924,,,,26.744649923076924,,,,25.257823324017096,,,,25.257823324017096,,,,2025-03-27 05:34:55+0000
1749,389,,115.4227523339228,1315.81937660672,,,115.4227523339228,1315.81937660672,,,109.63345778865262,1249.8214187906399,,,109.63345778865262,1249.8214187906399,,,,2025-03-27 05:34:55+0000
1750,392,,3.341457266588235,6.68291453317647,,,3.341457266588235,6.68291453317647,,,2.940859509294117,5.881719018588234,,,2.940859509294117,5.881719018588234,,,,2025-03-27 05:34:55+0000
1751,393,251.79261188368693,214.4900027157333,965.2050122208,251.79261188368693,251.79261188368693,214.4900027157333,965.2050122208,251.79261188368693,241.3206195423826,205.5694166472148,925.0623749124666,241.3206195423826,241.3206195423826,205.5694166472148,925.0623749124666,241.3206195423826,,,2025-03-27 05:34:55+0000
1752,394,,38.536290801142854,3.596720474773333,,,38.536290801142854,3.596720474773333,,,37.667059631071425,3.5155922322333333,,,37.667059631071425,3.5155922322333333,,,,2025-03-27 05:34:55+0000
1753,397,,,,,,,,,,,,,,,,,,,2025-03-27 05:34:55+0000
1754,398,,78.20338300244444,78.20338300244444,84.45965364263999,,73.6352690868701,70.14921398890365,79.52886407028248,,74.50087692157406,74.50087692157406,80.4609470753,,70.1490384265911,66.82802913230897,75.76360364905837,,,2025-03-27 05:34:55+0000
1755,400,,244.1972003172775,5.685234673403218,,,244.1972003172775,5.685234673403218,,,174.88293291151834,4.071506604839103,,,174.88293291151834,4.071506604839103,,,,2025-03-27 05:34:55+0000
1756,402,,,,,,,,,,,,,,,,,,,2025-03-27 05:34:56+0000
1757,403,,,,,,,,,,,,,,,,,,,2025-03-27 05:34:56+0000
1758,404,,7.752003501221428,21.70560980342,,,7.752003501221428,21.70560980342,,,6.594500938792857,18.46460262862,,,6.594500938792857,18.46460262862,,,,2025-03-27 05:34:56+0000
1759,405,166.6654266232258,166.6654266232258,156.56449167636364,166.6654266232258,166.6654266232258,166.6654266232258,156.56449167636364,166.6654266232258,253.8308171180242,253.8308171180242,238.44713123208336,253.8308171180242,253.8308171180242,253.8308171180242,238.44713123208336,253.8308171180242,,,2025-03-27 05:34:56+0000
1760,406,6.720109371503449,6.3896121892983615,97.44158588680001,,6.720109371503449,6.3896121892983615,97.44158588680001,,6.579760567298276,6.2561657853,95.406528225825,,6.579760567298276,6.2561657853,95.406528225825,,,,2025-03-27 05:34:56+0000
1761,407,,22.0404164706,11.754888784319999,,,14.693610980399999,7.666231815860869,,,22.0404164706,11.754888784319999,,,14.693610980399999,7.666231815860869,,,,2025-03-27 05:34:56+0000
1762,408,,53.336167904823526,151.119142397,,,53.336167904823526,151.119142397,,,61.243606108499996,173.52355064075,,,61.243606108499996,173.52355064075,,,,2025-03-27 05:34:56+0000
1763,409,,,,,,,,,,,,,,,,,,,2025-03-27 05:34:56+0000
1764,410,,13.812805318883333,12.750281832815384,,,10.756240352147955,10.869092709940983,,,13.440834913933333,12.406924535938462,,,10.466581373601556,10.57639468637377,,,,2025-03-27 05:34:56+0000
1765,411,,,,,,,,,,,,,,,,,,,2025-03-27 05:34:56+0000
1766,413,,123.0504374467227,63.87350951432934,,,44.2052892261434,29.38886514031109,,,119.26395885598741,61.90800917715377,,,42.84501465316982,28.484518020797797,,,,2025-03-27 05:34:56+0000
1767,414,,1.7050174629424206,0.8135519265287356,,,1.7050174629424206,0.8135519265287356,,,1.484444014032315,0.7083049374496776,,,1.484444014032315,0.7083049374496776,,,,2025-03-27 05:34:56+0000
1768,416,,45.00745730973333,19.2889102756,,,45.00745730973333,19.2889102756,,,44.6825395654,19.149659813742854,,,44.6825395654,19.149659813742854,,,,2025-03-27 05:34:56+0000
1769,418,,,,,36.018795477653846,36.018795477653846,37.45954729676,,,,,,31.668620957230768,31.668620957230768,32.93536579552,,,,2025-03-27 05:34:56+0000
1770,419,,7.16933211368,3.58466605684,,0.04779554742453333,0.010780950546887219,0.035491743137029706,,,6.15489885912,3.07744942956,,0.0410326590608,0.009255487006195488,0.030469796332277227,,,,2025-03-27 05:34:56+0000
1771,420,,15.460665192421745,29.05456276099071,,,15.460665192421745,29.05456276099071,,,11.728278732945634,22.040449507424146,,,11.728278732945634,22.040449507424146,,,,2025-03-27 05:34:56+0000
1772,422,,3.3934284888,2.5450713666,,,3.2839630536774194,2.423877492,,,3.2626367922253334,2.446977594169,,,3.1573904440890326,2.330454851589524,,,,2025-03-27 05:34:56+0000
1773,423,,31.842943869,37.462286904705884,,,31.842943869,37.462286904705884,,,28.20853616099,33.18651313057647,,,28.20853616099,33.18651313057647,,,,2025-03-27 05:34:56+0000
1774,424,,4.618475914437036,3.0600944709153373,,,4.534503625083636,3.004791558790361,,,4.6636910176777775,3.0900529442282205,,,4.5788966355381815,3.0342086139108426,,,,2025-03-27 05:34:56+0000
1775,426,,24.1938688245,4.8387737649,,,24.1938688245,4.8387737649,,,17.827656813599997,3.56553136272,,,17.827656813599997,3.56553136272,,,,2025-03-27 05:34:56+0000
1776,428,,,10.790854120999999,,,,10.790854120999999,,,,10.186836638239999,,,,10.186836638239999,,,,2025-03-27 05:34:56+0000
1777,429,,12.326684653700001,4.930673861480001,,,8.217789769133335,4.108894884566667,,,10.761575767400002,4.304630306960001,,,7.174383844933335,3.5871919224666673,,,,2025-03-27 05:34:56+0000
1778,430,,19.891093654600002,8.287955689416668,,,12.431933534125001,5.525303792944445,,,16.721397780120004,6.967249075050001,,,10.450873612575002,4.644832716700001,,,,2025-03-27 05:34:56+0000
1779,433,,87.00652222248932,88.77935541515332,,,87.00652222248932,88.77935541515332,,,86.87789884914694,88.64811122925816,,,86.87789884914694,88.64811122925816,,,,2025-03-27 05:34:56+0000
1780,434,,22.0772878455,11.7745535176,,,22.0772878455,11.7745535176,,,20.3495564947,10.853096797173334,,,20.3495564947,10.853096797173334,,,,2025-03-27 05:34:56+0000
1781,435,,19.43685009448,8.098687539366667,,,12.14803130905,5.399125026244445,,,19.37466023526,8.072775098025,,,12.109162647037499,5.381850065349999,,,,2025-03-27 05:34:56+0000
1782,437,,33.20021150024,84.58652611526115,,,33.20021150024,84.58652611526115,,,33.20021150024,84.58652611526115,,,33.20021150024,84.58652611526115,,,,2025-03-27 05:34:56+0000
1783,438,,,5.5817905118199995,,,,5.5817905118199995,,,,5.085081770664999,,,,5.085081770664999,,,,2025-03-27 05:34:56+0000
1784,440,,19.432863791004785,15.71167710762089,,,8.848515320958606,6.167757831921033,,,18.87079832875598,15.257241201972922,,,8.592585731394337,5.989364997281702,,,,2025-03-27 05:34:56+0000
1785,442,,40.73739960491429,67.09689346691765,,,40.73739960491429,67.09689346691765,,,35.98941783223928,59.27668819427646,,,35.98941783223928,59.27668819427646,,,,2025-03-27 05:34:56+0000
1786,446,,,,,,,,,,,,,,,,,,,2025-03-27 05:34:56+0000
1787,448,,,,,,,,,,,,,,,,,,,2025-03-27 05:34:56+0000
1788,449,,7.18609845822,2.994207690925,,,4.4913115363875,1.9961384606166668,,,7.18609845822,2.994207690925,,,4.4913115363875,1.9961384606166668,,,,2025-03-27 05:34:56+0000
1789,451,,10.15985792544,4.2332741356,,,10.15985792544,4.2332741356,,,9.09623058662,3.7900960777583337,,,9.09623058662,3.7900960777583337,,,,2025-03-27 05:34:56+0000
1790,452,,,,,,,,,,,,,,,,,,,2025-03-27 05:34:56+0000
1791,454,,,,,,,,,,,,,,,,,,,2025-03-27 05:34:56+0000
1792,456,,,,,,,,,,,,,,,,,,,2025-03-27 05:34:56+0000
1793,457,,,,,,,,,,,,,,,,,,,2025-03-27 05:34:56+0000
1794,459,,,,,,,,,,,,,,,,,,,2025-03-27 05:34:56+0000
1795,461,,,,,,,,,,,,,,,,,,,2025-03-27 05:34:56+0000
1796,462,,,,,,,,,,,,,,,,,,,2025-03-27 05:34:56+0000
1797,463,,,,,,,,,,,,,,,,,,,2025-03-27 05:34:56+0000
1798,464,,,11.799163238423645,,,,11.799163238423645,,,,10.003002308275862,,,,10.003002308275862,,,,2025-03-27 05:34:57+0000
1799,466,,31.610383707042256,70.87380768,,,31.610383707042256,70.87380768,,,31.610383707042256,70.87380768,,,31.610383707042256,70.87380768,,,,2025-03-27 05:34:57+0000
1800,467,,17.00210594063241,9.666365849393259,,,17.00210594063241,9.666365849393259,,,14.86662464332016,8.452260752269662,,,14.86662464332016,8.452260752269662,,,,2025-03-27 05:34:57+0000
1801,468,,,,,,,,,,,,,,,,,,,2025-03-27 05:34:57+0000
1802,472,,170.1326597542373,112.78457219662921,,,54.55340720380435,36.23764233032491,,,188.93609722406777,125.24977231707864,,,60.58277030554347,40.242706628953066,,,,2025-03-27 05:34:57+0000
1803,475,,1017.7943759,1628.47100144,,,946.7854659534884,1507.8435198518519,,,931.21621252475,1489.9459400396,,,866.2476395579068,1379.5795741107406,,,,2025-03-27 05:34:57+0000
1804,476,,26.1197689168,13.0598844584,,,26.1197689168,13.0598844584,,,23.6196759168,11.8098379584,,,23.6196759168,11.8098379584,,,,2025-03-27 05:34:57+0000
1805,477,,18.46303074,9.23151537,,,18.46303074,9.23151537,,,17.168806919960005,8.584403459980003,,,17.168806919960005,8.584403459980003,,,,2025-03-27 05:34:57+0000
1806,479,,16.6492171034,6.65968684136,,,11.099478068933333,4.7569191724,,,14.6075917945,5.8430367178,,,9.738394529666666,4.173597655571428,,,,2025-03-27 05:34:57+0000
1807,480,,54.400078409600006,27.200039204800003,,,54.400078409600006,27.200039204800003,,,53.21585313968001,26.607926569840004,,,53.21585313968001,26.607926569840004,,,,2025-03-27 05:34:57+0000
1808,481,869.61852413184,496.92487093248,1159.49136550912,,869.61852413184,496.92487093248,1159.49136550912,,841.22602301684,480.70058458105143,1121.6346973557866,,841.22602301684,480.70058458105143,1121.6346973557866,,,,2025-03-27 05:34:57+0000
1809,482,,,36.96944336236,,,,36.96944336236,,,,37.09465319504,,,,37.09465319504,,,,2025-03-27 05:34:57+0000
1810,483,,18.454897864,,,,18.454897864,,,,22.17085448055,,,,22.17085448055,,,,,2025-03-27 05:34:57+0000
1811,484,,,,,,,,,,,,,,,,,,,2025-03-27 05:34:57+0000
1812,485,1701.671372544,567.223790848,1134.447581696,,1701.671372544,567.223790848,1134.447581696,,1709.5888487039997,569.8629495679999,1139.7258991359997,,1709.5888487039997,569.8629495679999,1139.7258991359997,,,,2025-03-27 05:34:57+0000
1813,488,,126.02883785922481,83.69482668643501,,,126.02883785922481,83.69482668643501,,,132.27801607790698,87.8448600980695,,,132.27801607790698,87.8448600980695,,,,2025-03-27 05:34:57+0000
1814,489,20.282210872857142,14.197547611,11.358038088799999,,9.348179496954732,6.398894697915493,5.1627445858181815,,15.596427260043749,10.917499082030623,8.7339992656245,,7.188476761830864,4.920562966549014,3.969999666192954,,,,2025-03-27 05:34:57+0000
1815,490,,19.883993747333335,11.930396248400001,,,19.883993747333335,11.930396248400001,,,17.9000253878,10.740015232680001,,,17.9000253878,10.740015232680001,,,,2025-03-27 05:34:57+0000
1816,491,50.39796454949721,45.654026590890695,42.03744480130476,,50.39796454949721,45.654026590890695,42.03744480130476,,47.452208974569835,42.985553676356275,39.580360701062446,,47.452208974569835,42.985553676356275,39.580360701062446,,,,2025-03-27 05:34:57+0000
1817,492,,12.83821170526,5.349254877191667,,,12.83821170526,5.349254877191667,,,13.883366197800001,5.784735915750001,,,13.883366197800001,5.784735915750001,,,,2025-03-27 05:34:57+0000
1818,494,,,1.4027514707972029,,,,1.0197939009862735,,,,0.6760538975174826,,,,0.49148809021352313,,,,2025-03-27 05:34:57+0000
1819,495,,143.59453206605505,9.549605854301404,,,143.59453206605505,9.549605854301404,,,140.78866411724772,9.363004508102502,,,140.78866411724772,9.363004508102502,,,,2025-03-27 05:34:57+0000
1820,496,,,,,,,,,,,,,,,,,,,2025-03-27 05:34:57+0000
1821,498,,70.56827357557252,52.2284962621469,,,22.910641483023547,17.224601897521893,,,70.56827357557252,52.2284962621469,,,22.910641483023547,17.224601897521893,,,,2025-03-27 05:34:57+0000
1822,500,,,,,,,,,,,,,,,,,,,2025-03-27 05:34:57+0000
